Symbol,Date,Depreciation & Amortization,Stock-based compensation,Operating Cash Flow,Capital Expenditure,Acquisitions and disposals,Investment purchases and sales,Investing Cash flow,Issuance (repayment) of debt,Issuance (buybacks) of shares,Dividend payments,Financing Cash Flow,Effect of forex changes on cash,Net cash flow / Change in cash,Free Cash Flow,Net Cash/Marketcap
AAPL,2019-09-28,12547000000,6068000000,69391000000,10495000000,-624000000,-8804000000,45896000000,-8805000000,-66116000000,-14119000000,-90976000000,0,24311000000,58896000000,0
AAPL,2018-09-29,10903000000,5340000000,77434000000,13313000000,-721000000,-18375000000,16066000000,-6500000000,-72069000000,-13712000000,-87876000000,0,5624000000,64121000000,0
AAPL,2017-09-30,10157000000,4840000000,63598000000,12795000000,-329000000,-1520000000,-46446000000,-3500000000,-32345000000,-12769000000,-17347000000,0,-195000000,50803000000,0
AAPL,2016-09-24,10505000000,4210000000,65824000000,13548000000,-297000000,-9852000000,-45977000000,-2500000000,-29227000000,-12150000000,-20483000000,0,-636000000,52276000000,0
AAPL,2015-09-26,11257000000,3586000000,81266000000,11488000000,-343000000,-20715000000,-56274000000,0,-34710000000,-11561000000,-17716000000,0,7276000000,69778000000,0
AAPL,2014-09-27,7946000000,2863000000,59713000000,9813000000,-3765000000,-26190000000,-22579000000,0,-44270000000,-11126000000,-37549000000,0,-415000000,49900000000,0
AAPL,2013-09-28,6757000000,2253000000,53666000000,9076000000,-496000000,-2543000000,-33774000000,0,-22330000000,-10564000000,-16379000000,0,3513000000,44590000000,0
AAPL,2012-09-29,3277000000,1740000000,50856000000,9402000000,-350000000,13035000000,-48227000000,0,-10081000000,-2488000000,-1698000000,0,931000000,41454000000,0
AAPL,2011-09-24,1814000000,1168000000,37529000000,7452000000,-244000000,20437000000,-40419000000,0,-8984000000,0,1444000000,0,-1446000000,30077000000,0
AAPL,2010-09-25,1027000000,879000000,18595000000,2121000000,-638000000,-11093000000,-13854000000,0,-10349000000,0,1257000000,0,5998000000,16474000000,0
AAPL,2009-09-26,734000000,710000000,10159000000,-1213000000,0,-16046000000,-17434000000,0,475000000,0,663000000,0,-6612000000,8946000000,0.1407
ABBV,2019-12-31,2064000000,430000000,13324000000,552000000,0,-2312000000,596000000,-4536000000,-629000000,-6366000000,18708000000,7000000,32635000000,12772000000,0
ABBV,2018-12-31,1771000000,421000000,13427000000,638000000,0,-14542000000,-1006000000,-6035000000,-12014000000,-5580000000,-14396000000,-39000000,-2014000000,12789000000,0
ABBV,2017-12-31,1525000000,365000000,9960000000,529000000,0,-3948000000,-274000000,-47000000,-1410000000,-4107000000,-5512000000,29000000,4203000000,9431000000,0
ABBV,2016-12-31,1189000000,353000000,7041000000,479000000,-2495000000,-11610000000,-6074000000,-5981000000,-6033000000,-3717000000,-3928000000,-338000000,-3299000000,6562000000,0
ABBV,2015-12-31,836000000,282000000,7535000000,532000000,-11488000000,-9382000000,-12936000000,-3999000000,-7567000000,-3294000000,5752000000,-300000000,51000000,7003000000,0
ABBV,2014-12-31,786000000,241000000,3549000000,612000000,-622000000,-1821000000,-926000000,-12000000,-652000000,-2661000000,-3293000000,-577000000,8348000000,2937000000,0
ABBV,2013-12-31,897000000,212000000,6267000000,491000000,-405000000,-1250000000,6770000000,848000000,-320000000,-2555000000,-3442000000,-10000000,9595000000,5776000000,0
ABBV,2012-12-31,1150000000,187000000,6345000000,-333000000,-688000000,-1397000000,-2418000000,15586000000,0,0,1931000000,16000000,5874000000,6012000000,-0.1387
ABBV,2011-12-31,1272000000,163000000,6247000000,-356000000,-273000000,-688000000,553000000,0,0,0,-6783000000,0,17000000,5891000000,-0.1387
ABBV,2010-12-31,1184000000,167000000,4976000000,-448000000,-2621000000,-92000000,-5031000000,0,0,0,65000000,0,10000000,4528000000,-0.1387
ABBV,2009-12-31,697492000,156718000,5367336000,-312565000,-170000000,-4207000,-486355000,-34766000,0,0,-4881151000,0,-170000,5054771000,-0.1387
ABT,2019-12-31,3014000000,519000000,6136000000,1638000000,0,-800000000,-1815000000,-3441000000,-718000000,-2270000000,-4289000000,-16000000,16000000,4498000000,0
ABT,2018-12-31,3310000000,477000000,6300000000,1394000000,0,-369000000,-1472000000,-12433000000,-238000000,-1974000000,-10391000000,-116000000,-5563000000,4906000000,0
ABT,2017-12-31,3933000000,406000000,5570000000,1135000000,-17183000000,-327000000,-9618000000,-8650000000,-117000000,-1849000000,-5281000000,116000000,-9213000000,4435000000,0
ABT,2016-12-31,1518000000,310000000,3203000000,1121000000,-80000000,-3345000000,-248000000,-12000000,-522000000,-1539000000,11147000000,-483000000,13619000000,2082000000,0
ABT,2015-12-31,1472000000,292000000,2966000000,1110000000,-235000000,-7170000000,406000000,-57000000,-2237000000,-1443000000,-2236000000,-198000000,938000000,1856000000,0
ABT,2014-12-31,1548000000,246000000,3675000000,1077000000,-3317000000,-3702000000,-202000000,-577000000,-2195000000,-1342000000,-2742000000,-143000000,588000000,2598000000,0
ABT,2013-12-31,1719000000,262000000,3324000000,1145000000,-580000000,-11669000000,-3955000000,-303000000,-1605000000,-882000000,-6696000000,-26000000,-7327000000,2179000000,0
ABT,2012-12-31,2783207000,433114000,9314401000,1795289000,-1227473000,-14361894000,-6081288000,-11071178000,-2364240000,-3182811000,716093000,40137000,10802163000,7519112000,0
ABT,2011-12-31,3043894000,382602000,8970077000,1491500000,-672500000,-5186994000,260832000,-3012426000,-77007000,-2938096000,-6023455000,-43005000,3164449000,7478577000,0
ABT,2010-12-31,2624305000,387183000,8735981000,1015075000,-9433243000,-1672757000,-12188315000,-1673998000,-866825000,-2671475000,-1087741000,-620893000,-5160968000,7720906000,0
ABT,2009-12-31,2089510000,366357000,7275160000,-1089048000,-2370630000,-232664000,-3698710000,3734155000,-317676000,-2414460000,1002019000,118848000,4697317000,6186112000,-0.1628
ACN,2019-08-31,892760000,1093253000,6626953000,599009000,-1193071000,-2691114000,-1755576000,4772000,-2691114000,-1864353000,-3767171000,-38713000,1065493000,6027944000,0
ACN,2018-08-31,926776000,976908000,6026691000,619187000,-657546000,-2639094000,-1249604000,4195000,-2639094000,-1708724000,-3709028000,-133559000,934500000,5407504000,0
ACN,2017-08-31,801789000,795235000,4973039000,515919000,-1704188000,-2649051000,-2233879000,2120000,-2649051000,-1567578000,-3560235000,42326000,-778749000,4457120000,0
ACN,2016-08-31,729052000,758176000,4575115000,496566000,-932542000,-2604989000,-610350000,1059000,-2604989000,-1438138000,-3396933000,-22989000,544843000,4078549000,0
ACN,2015-08-31,645923000,680329000,4092137000,395017000,-791704000,-2452989000,-1170384000,-701000,-2452989000,-1353471000,-3202296000,-279996000,-560539000,3697120000,0
ACN,2014-08-31,620743000,671301000,3486085000,321870000,-740067000,-2559434000,-1031249000,-543000,-2559434000,-1254916000,-3165416000,25162000,-710580000,3164215000,0
ACN,2013-08-31,593028000,615878000,3303128000,369593000,-803988000,-2544352000,-1246140000,-54000,-2544352000,-1121738000,-3065629000,-89925000,-1008641000,2933535000,0
ACN,2012-08-31,593545000,538086000,4256852000,371974000,-174383000,-2098841000,-758549000,6268000,-2098841000,-950857000,-2558855000,-223164000,939448000,3884878000,0
ACN,2011-08-31,513256000,450137000,3441739000,403714000,-306187000,-2171877000,-703387000,1608000,-2171877000,-643642000,-2121504000,245938000,862786000,3038025000,0
ACN,2010-08-31,474688000,425822000,3091620000,238215000,-41075000,-2070875000,-273765000,-687000,-2070875000,-824148000,-2429026000,-92199000,296630000,2853405000,0
ACN,2009-08-31,498591000,452823000,3160202000,-238790000,-27324000,20940000,-245174000,-6969000,-1450674000,-378446000,-1850303000,-125823000,938902000,2921412000,0.1931
ADBE,2019-11-29,736669000,787705000,4421813000,394479000,-100704000,-2750000000,-455584000,0,-2750000000,0,-2946044000,-12739000,1007446000,4027334000,0
ADBE,2018-11-30,346492000,609562000,4029304000,266579000,-6314382000,-2050000000,-4685295000,-1707000,-2050000000,0,-5568000,-1738000,-663297000,3762725000,0
ADBE,2017-12-01,325997000,451451000,2912853000,178122000,-459626000,-1100000000,-442877000,-1960000,-1100000000,0,-1183735000,8516000,1294757000,2734731000,0
ADBE,2016-12-02,331535000,349912000,2199728000,203805000,-48427000,-1075000000,-960033000,-108000,-1075000000,0,-1090706000,-14234000,134755000,1995923000,0
ADBE,2015-11-27,339473000,335859000,1469502000,184936000,-826004000,-625000000,-1488358000,-602189000,-625000000,0,-200687000,-21297000,-240840000,1284566000,0
ADBE,2014-11-28,313590000,333701000,1287482000,148332000,-29802000,-600000000,-497355000,-14684000,-600000000,0,-507283000,-6648000,282844000,1139150000,0
ADBE,2013-11-29,321227000,328987000,1151686000,188358000,-704589000,-1100000000,-1183044000,-25879000,-1100000000,0,-559138000,-5241000,-590496000,963328000,0
ADBE,2012-11-30,299766000,298502000,1499580000,271076000,-353195000,-405000000,-834662000,-9855000,-405000000,0,-234723000,5357000,435552000,1228504000,0
ADBE,2011-12-02,270205000,286103000,1543314000,210294000,-259046000,-695015000,-757402000,-10046000,-695015000,0,-550358000,4055000,239609000,1333020000,0
ADBE,2010-12-03,0,0,0,0,0,0,0,0,0,0,0,0,0,0,0
ADBE,2009-11-27,282423000,199982000,1117794000,-119592000,-1582669000,202394000,-1497096000,636103000,-170447000,0,477636000,14703000,113037000,998202000,0.0488
AMGN,2018-12-31,1946000000,311000000,11296000000,738000000,195000000,-2767000000,14339000000,-1100000000,-17794000000,-3507000000,-22490000000,0,3145000000,10558000000,0
AMGN,2017-12-31,1955000000,329000000,11177000000,664000000,-19000000,3014000000,-4024000000,-4405000000,-3160000000,-3365000000,-6594000000,0,559000000,10513000000,0
AMGN,2016-12-31,2105000000,311000000,10354000000,837000000,0,-506000000,-8658000000,-3700000000,-2965000000,-2998000000,-2599000000,0,-903000000,9517000000,0
AMGN,2015-12-31,2108000000,322000000,9077000000,649000000,-359000000,1660000000,-5547000000,-2400000000,-1867000000,-2396000000,-3117000000,0,413000000,8428000000,0
AMGN,2014-12-31,2092000000,408000000,8555000000,1003000000,-165000000,4061000000,-5752000000,-5605000000,-138000000,-1851000000,-2877000000,0,-74000000,7552000000,0
AMGN,2013-12-31,1286000000,403000000,6291000000,693000000,-9434000000,4258000000,-8469000000,-3371000000,-832000000,-1415000000,2726000000,0,548000000,5598000000,0
AMGN,2012-12-31,1088000000,362000000,5882000000,689000000,-2390000000,-2613000000,-9990000000,-123000000,-4607000000,-1118000000,419000000,0,-3689000000,5193000000,0
AMGN,2011-12-31,0,0,0,0,0,0,0,0,0,0,0,0,0,0,0
AMGN,2010-12-31,0,0,0,0,0,0,0,0,0,0,0,0,0,0,0
AMGN,2009-12-31,1049000000,284000000,6336000000,-530000000,0,-2723000000,-3202000000,980000000,-3208000000,0,-2024000000,0,1110000000,5806000000,0.0496
AMZN,2019-12-31,21789000000,6864000000,38514000000,16861000000,-2461000000,-9131000000,-24281000000,-2684000000,-36092000000,0,-10066000000,70000000,4237000000,21653000000,0
AMZN,2018-12-31,15341000000,5418000000,30723000000,13427000000,-2186000000,1140000000,-12369000000,-668000000,-31750000000,0,-7686000000,-351000000,10317000000,17296000000,0
AMZN,2017-12-31,11478000000,4215000000,18434000000,0,0,-3789000000,-27819000000,-1372000000,-20522000000,0,9860000000,713000000,1188000000,18434000000,0
AMZN,2016-12-31,8116000000,2975000000,16443000000,6737000000,0,-7756000000,-9876000000,-354000000,-19334000000,0,-2911000000,-212000000,3444000000,9706000000,0
AMZN,2015-12-31,6281000000,2119000000,11920000000,4589000000,0,-4091000000,-6450000000,-1652000000,-15890000000,0,-3763000000,-374000000,1333000000,7331000000,0
AMZN,2014-12-31,4746000000,1497000000,6842000000,4893000000,0,-2542000000,-5065000000,-513000000,0,0,4432000000,-310000000,5899000000,1949000000,0
AMZN,2013-12-31,3253000000,1134000000,5475000000,3444000000,0,-2826000000,-4276000000,-1405000000,0,0,-539000000,-86000000,574000000,2031000000,0
AMZN,2012-12-31,3680000000,833000000,4180000000,3785000000,0,-4262000000,-3595000000,-3966000000,-960000000,0,2259000000,-29000000,2815000000,395000000,0
AMZN,2011-12-31,2104000000,557000000,3903000000,1811000000,0,-6534000000,-1930000000,-621000000,-277000000,0,-482000000,1000000,1492000000,2092000000,0
AMZN,2010-12-31,1473000000,424000000,3495000000,979000000,0,-6279000000,-3360000000,-364000000,-3777000000,0,181000000,17000000,333000000,2516000000,0
AMZN,2009-12-31,378000000,236000000,3293000000,-373000000,-40000000,-1924000000,-2337000000,-385000000,0,0,-280000000,-1000000,675000000,2920000000,0.1093
BAC,2019-12-31,-337000000,1974000000,61777000000,0,0,-28144000000,-80630000000,-50794000000,-28144000000,-6146000000,3377000000,-368000000,-15844000000,61777000000,0
BAC,2018-12-31,2063000000,1729000000,39520000000,0,0,-20094000000,-72668000000,-53046000000,-20094000000,-5424000000,53118000000,-1200000000,19970000000,39520000000,0
BAC,2017-12-31,-148000000,1649000000,10403000000,0,0,-12814000000,-52007000000,-49553000000,-12814000000,-4027000000,49195000000,2105000000,9696000000,10403000000,0
BAC,2016-12-31,-893000000,1235000000,18306000000,0,0,-5112000000,-63143000000,-51849000000,-5112000000,-2573000000,32982000000,240000000,-11615000000,18306000000,0
BAC,2015-12-31,-83000000,2170000000,27730000000,0,0,-2374000000,-54954000000,-40365000000,-2374000000,-2091000000,48585000000,-597000000,20764000000,27730000000,0
BAC,2014-12-31,-166000000,2300000000,26739000000,0,0,-1675000000,-4204000000,-53749000000,-1675000000,-1262000000,-12201000000,-3067000000,7267000000,26739000000,0
BAC,2013-12-31,2683000000,2300000000,92817000000,0,0,25364000000,23195000000,-65602000000,-3220000000,-1677000000,-95442000000,-1863000000,20570000000,92817000000,0
BAC,2012-12-31,3038000000,2300000000,-13858000000,0,0,-90423000000,-37908000000,-1.24389E+11,-1.10752E+11,-1909000000,42416000000,-731000000,-9350000000,-13858000000,0
BAC,2011-12-31,3485000000,2600000000,64490000000,0,0,20589000000,51881000000,-1.01814E+11,-1.20102E+11,-1738000000,-1.04696E+11,-548000000,11675000000,64490000000,0
BAC,2010-12-31,0,0,0,0,0,0,0,0,0,0,0,0,0,0,0
BAC,2009-12-31,4314000000,0,129731000000,-2240000000,31804000000,117115000000,157925000000,-222882000000,13468000000,-4863000000,-199568000000,394000000,88482000000,127491000000,1.4438
BMY,2019-12-31,3434000000,441000000,8067000000,836000000,-24634000000,-11261000000,-9770000000,-9256000000,-7300000000,-2679000000,7621000000,-9000000,5909000000,7231000000,0
BMY,2018-12-31,823000000,221000000,5940000000,951000000,-1246000000,-2625000000,-874000000,-5000000,-320000000,-2613000000,-3535000000,-41000000,1490000000,4989000000,0
BMY,2017-12-31,1025000000,199000000,5275000000,1055000000,-708000000,-7906000000,-66000000,-1224000000,-2469000000,-2577000000,-4077000000,52000000,1184000000,4220000000,0
BMY,2016-12-31,551000000,205000000,2850000000,1215000000,-359000000,-3320000000,1480000000,-15000000,-231000000,-2547000000,-2445000000,-33000000,1852000000,1635000000,0
BMY,2015-12-31,621000000,235000000,1832000000,820000000,-1111000000,-3143000000,-1572000000,-1957000000,-2385000000,-2477000000,-3351000000,-95000000,-3186000000,1012000000,0
BMY,2014-12-31,1438000000,213000000,3148000000,526000000,-219000000,-5719000000,1216000000,-676000000,-5571000000,-2398000000,-2437000000,58000000,1985000000,2622000000,0
BMY,2013-12-31,763000000,191000000,3545000000,537000000,0,-2292000000,-547000000,-597000000,-433000000,-2309000000,-1068000000,25000000,1930000000,3008000000,0
BMY,2012-12-31,681000000,154000000,6941000000,548000000,-7530000000,-6010000000,-6728000000,-2108000000,-2403000000,-2286000000,-4333000000,-1000000,-4120000000,6393000000,0
BMY,2011-12-31,801000000,161000000,4840000000,367000000,-360000000,-8040000000,-1437000000,-78000000,-1221000000,-2254000000,-2657000000,-3000000,743000000,4473000000,0
BMY,2010-12-31,744000000,193000000,4491000000,424000000,-829000000,-3202000000,-3812000000,-936000000,-576000000,-2202000000,-3343000000,14000000,-2650000000,4067000000,0
BMY,2009-12-31,707000000,183000000,4065000000,-730000000,-2236000000,-1414000000,-4380000000,1445000000,45000000,-2483000000,-17000000,39000000,-293000000,3335000000,0.043
BRK.B,2018-12-31,9779000000,0,37400000000,-14537000000,-3279000000,-14962000000,-32849000000,-4123000000,-1346000000,0,-5812000000,-140000000,-1401000000,22863000000,0
BRK.B,2017-12-31,9188000000,0,45728000000,-11708000000,-2708000000,-22985000000,-41009000000,-1277000000,0,0,-1398000000,248000000,3569000000,34020000000,0
BRK.B,2016-12-31,8901000000,0,32647000000,-12954000000,-31399000000,-39495000000,-84225000000,12679000000,0,0,12791000000,-172000000,-38959000000,19693000000,0
BRK.B,2015-12-31,7779000000,0,31491000000,-16082000000,-10160000000,-1924000000,-28001000000,4036000000,0,0,3803000000,-165000000,7128000000,15409000000,0
BRK.B,2014-12-31,7370000000,0,32010000000,-15185000000,-4824000000,-653000000,-20326000000,3996000000,0,0,2731000000,-289000000,14126000000,16825000000,0
BRK.B,2013-12-31,6508000000,0,27704000000,-11087000000,-18681000000,3443000000,-27535000000,3985000000,0,0,961000000,64000000,1194000000,16617000000,0
BRK.B,2012-12-31,6154000000,0,20950000000,-9775000000,-3188000000,2572000000,-10574000000,1242000000,0,0,-806000000,123000000,9693000000,11175000000,0
BRK.B,2011-12-31,5492000000,0,20476000000,-8191000000,-8685000000,-2376000000,-19189000000,-357000000,0,0,-2217000000,2000000,-928000000,12285000000,0
BRK.B,2010-12-31,4279000000,0,17895000000,-5980000000,-15924000000,4103000000,-18277000000,8220000000,0,0,8125000000,-74000000,7669000000,11915000000,0
BRK.B,2009-12-31,3127000000,0,15846000000,-4937000000,-108000000,-7296000000,-11161000000,643000000,0,0,233000000,101000000,5019000000,10909000000,0
CHTR,2019-12-31,9820000000,315000000,11748000000,7195000000,0,-6873000000,-7331000000,-13309000000,-6873000000,-154000000,-1633000000,0,2784000000,4553000000,0
CHTR,2018-12-31,10011000000,285000000,11767000000,9125000000,0,-4399000000,-9736000000,-10769000000,-4399000000,-153000000,-1887000000,0,144000000,2642000000,0
CHTR,2017-12-31,10218000000,261000000,11954000000,8681000000,0,-11715000000,-8098000000,-16507000000,-11715000000,-153000000,-4770000000,0,-914000000,3273000000,0
CHTR,2016-12-31,6651000000,244000000,8041000000,5325000000,0,-1562000000,-11290000000,-10521000000,3438000000,-96000000,4779000000,0,1530000000,2716000000,0
CHTR,2015-12-31,2153000000,78000000,2359000000,1840000000,0,-38000000,-17032000000,-11326000000,-38000000,0,14675000000,0,2000000,519000000,0
CHTR,2014-12-31,2139000000,55000000,2359000000,2221000000,0,-19000000,-9304000000,-1980000000,-19000000,0,6927000000,0,-18000000,138000000,0
CHTR,2013-12-31,1897000000,48000000,2158000000,1825000000,0,-15000000,-2443000000,-6520000000,-15000000,0,299000000,0,14000000,333000000,0
CHTR,2012-12-31,1758000000,50000000,1876000000,1745000000,0,-11000000,-1737000000,-5901000000,-11000000,0,-134000000,0,5000000,131000000,0
CHTR,2011-12-31,1626000000,41000000,1737000000,1311000000,-89000000,-733000000,-1367000000,-5072000000,-733000000,0,-373000000,0,-3000000,426000000,0
CHTR,2010-12-31,1524000000,0,1928000000,-1201000000,0,0,-1170000000,-1313000000,-6000000,0,-1463000000,0,-705000000,727000000,-2.7496
CHTR,2009-11-30,1194000000,0,411000000,-1036000000,-150000000,0,-1193000000,-1093000000,1614000000,0,521000000,0,-261000000,-625000000,-3.127
CMCSA,2018-12-31,10676000000,826000000,24297000000,11709000000,-38219000000,-6577000000,-50854000000,-9177000000,-5320000000,-3352000000,27140000000,-245000000,338000000,12588000000,0
CMCSA,2017-12-31,9825000000,751000000,21403000000,11297000000,-532000000,-7727000000,-13704000000,-4459000000,-5435000000,-2883000000,-7572000000,0,127000000,10106000000,0
CMCSA,2016-12-31,9558000000,640000000,19240000000,10821000000,-3929000000,-6697000000,-18385000000,-4842000000,-4977000000,-2601000000,151000000,0,1006000000,8419000000,0
CMCSA,2015-12-31,8680000000,567000000,18778000000,9869000000,-1786000000,-7534000000,-11964000000,-4513000000,-6714000000,-2437000000,-8429000000,0,-1615000000,8909000000,0
CMCSA,2014-12-31,8019000000,513000000,16945000000,8542000000,-477000000,-4442000000,-8733000000,-2671000000,-4216000000,-2254000000,-6020000000,0,2192000000,8403000000,0
CMCSA,2013-12-31,16120000000,419000000,14160000000,7605000000,-99000000,-3223000000,-9514000000,-3789000000,-1960000000,-1964000000,-13879000000,0,-9233000000,6555000000,0
CMCSA,2012-12-31,17252000000,371000000,14854000000,6637000000,-90000000,-3297000000,-1486000000,-2337000000,-2767000000,-1608000000,-4037000000,0,9331000000,8217000000,0
CMCSA,2011-12-31,14423000000,344000000,14345000000,6261000000,-6407000000,-2141000000,-12508000000,-3760000000,-1858000000,-1187000000,-6201000000,0,-4364000000,8084000000,0
CMCSA,2010-12-31,6616000000,300000000,11179000000,5497000000,-183000000,-1460000000,-5711000000,-1153000000,-1166000000,-1064000000,-155000000,0,5313000000,5682000000,0
CMCSA,2009-12-31,6500000000,257000000,10281000000,-5639000000,14000000,-346000000,-5897000000,-3174000000,-764000000,-761000000,-4908000000,0,-524000000,4642000000,-0.5895
COST,2019-09-01,1492000000,595000000,6356000000,2998000000,0,984000000,-2865000000,-89000000,-247000000,-1038000000,-1147000000,-15000000,2329000000,3358000000,0
COST,2018-09-02,1437000000,544000000,5774000000,2969000000,0,750000000,-2947000000,-86000000,-328000000,-689000000,-1281000000,-37000000,1509000000,2805000000,0
COST,2017-09-03,1370000000,514000000,6726000000,2502000000,0,916000000,-2366000000,-2200000000,-469000000,-3904000000,-3218000000,25000000,1167000000,4224000000,0
COST,2016-08-28,1255000000,459000000,3292000000,2649000000,0,1223000000,-2345000000,-1288000000,-486000000,-746000000,-2419000000,50000000,-1422000000,643000000,0
COST,2015-08-30,1127000000,394000000,4285000000,2393000000,0,953000000,-2480000000,-51000000,-481000000,-2865000000,-2324000000,-418000000,-937000000,1892000000,0
COST,2014-08-31,1029000000,327000000,3984000000,1993000000,0,2072000000,-2104000000,0,-334000000,-584000000,-786000000,-11000000,1094000000,1991000000,0
COST,2013-09-01,946000000,285000000,3437000000,2083000000,0,-36000000,-2365000000,0,-36000000,-3560000000,44000000,-114000000,1116000000,1354000000,0
COST,2012-09-02,908000000,241000000,3057000000,1480000000,0,-632000000,-1236000000,-900000000,-632000000,-446000000,-2281000000,-21000000,-481000000,1577000000,0
COST,2011-08-28,855000000,207000000,3198000000,1290000000,0,-624000000,-1180000000,0,-624000000,-389000000,-1277000000,54000000,795000000,1908000000,0
COST,2010-08-29,795000000,190000000,2780000000,1055000000,0,-551000000,-2015000000,-84000000,-551000000,-338000000,-719000000,11000000,57000000,1725000000,0
COST,2009-08-30,728000000,179000000,2092000000,-1243000000,0,157000000,-1101000000,-136000000,0,-296000000,-439000000,-14000000,538000000,849000000,0.0677
CRM,2020-01-31,3035000000,204000000,4331000000,643000000,-369000000,-1634000000,-2980000000,0,-4145000000,0,164000000,-39000000,1476000000,3688000000,0
CRM,2019-01-31,1719000000,1283000000,3398000000,595000000,-5115000000,504000000,-5308000000,0,-2669000000,0,2010000000,26000000,126000000,2803000000,0
CRM,2018-01-31,1248529000,997013000,2737965000,534027000,-25391000,79123000,-2010502000,-123179000,-2543484000,0,221225000,-11753000,936935000,2203938000,0
CRM,2017-01-31,1034327000,820367000,2162198000,463958000,-3192739000,67454000,-2684341000,-495550000,-1606549000,0,997698000,-27369000,448186000,1698240000,0
CRM,2016-01-31,872291000,593628000,1612585000,284476000,-58680000,37811000,-1487878000,0,-1158363000,0,132648000,-7109000,250246000,1328109000,0
CRM,2015-01-31,745558000,564765000,1173714000,290454000,38071000,87638000,-698360000,-853862000,-908117000,0,-310481000,-38391000,126482000,883260000,0
CRM,2014-01-31,613772000,503280000,875469000,299110000,-2617302000,36436000,-2439313000,0,-781635000,0,1598234000,-7758000,34390000,576359000,0
CRM,2013-01-31,395699000,379350000,736897000,175601000,-579745000,144623000,-931481000,0,-747245000,0,334545000,7437000,139961000,561296000,0
CRM,2012-01-31,274828000,229258000,591507000,151645000,-422699000,40346000,-489690000,0,-607284000,0,75850000,5325000,182992000,439862000,0
CRM,2011-01-31,175526000,120429000,459081000,90887000,-403331000,214770000,-1062554000,0,-424292000,0,14074000,2385000,-587014000,368194000,0
CRM,2010-01-31,117796000,88892000,270911000,53901000,-11999000,130663000,-378616000,-126500000,-1011306000,0,637153000,-1976000,527472000,217010000,0
CSCO,2019-07-27,1897000000,1570000000,15831000000,909000000,0,-2817000000,14837000000,-6780000000,-20077000000,-5979000000,-27889000000,0,2779000000,14922000000,0
CSCO,2018-07-28,2192000000,1576000000,13666000000,834000000,-3006000000,-16063000000,15324000000,-12375000000,-16924000000,-6000000000,-31764000000,0,-2774000000,12832000000,0
CSCO,2017-07-29,2286000000,1526000000,13876000000,964000000,-3324000000,-34244000000,-5993000000,-4151000000,-2977000000,-5511000000,-3806000000,0,4077000000,12912000000,0
CSCO,2016-07-30,2150000000,1458000000,13570000000,1146000000,-3161000000,-36554000000,-8117000000,-3863000000,-2782000000,-4750000000,-4699000000,0,754000000,12424000000,0
CSCO,2015-07-25,2442000000,1440000000,12552000000,1227000000,-326000000,-33006000000,-10088000000,-508000000,-2308000000,-4086000000,-2313000000,0,151000000,11325000000,0
CSCO,2014-07-26,2432000000,1348000000,12332000000,1275000000,-2989000000,6247000000,-6643000000,-3276000000,-7506000000,-3758000000,-6888000000,0,-1199000000,11057000000,0
CSCO,2013-07-27,2351000000,1120000000,12894000000,1160000000,-6766000000,15136000000,-11768000000,-16000000,565000000,-3310000000,-3000000000,0,-1874000000,11734000000,0
CSCO,2012-07-28,2602000000,1401000000,11491000000,1126000000,-375000000,-34467000000,-3815000000,557000000,-3388000000,-1501000000,-5539000000,0,2137000000,10365000000,0
CSCO,2011-07-30,2486000000,1620000000,10079000000,1174000000,-266000000,-25909000000,-2934000000,-3113000000,-5065000000,-658000000,-4064000000,0,3081000000,8905000000,0
CSCO,2010-07-31,2030000000,1517000000,10173000000,1008000000,-5279000000,-32857000000,-11931000000,0,-4586000000,0,621000000,0,-1137000000,9165000000,0
CSCO,2009-07-25,1768000000,1209000000,9897000000,-1005000000,-426000000,-8489000000,-9959000000,3491000000,-2748000000,0,589000000,0,527000000,8892000000,0.1961
CVX,2019-12-31,29218000000,284000000,27314000000,14116000000,0,0,-11458000000,-2204000000,-4039000000,-8959000000,-19758000000,332000000,-3570000000,13198000000,0
CVX,2018-12-31,19419000000,270000000,30618000000,13792000000,0,0,-12290000000,-8762000000,-1751000000,-8502000000,-13699000000,-91000000,4538000000,16826000000,0
CVX,2017-12-31,19349000000,316000000,20515000000,13404000000,0,4000000,-8201000000,-1168000000,-4813000000,-8132000000,-14554000000,65000000,-2175000000,7111000000,0
CVX,2016-12-31,19457000000,281000000,12846000000,18109000000,0,297000000,-16852000000,-3714000000,-6988000000,-8032000000,25000000,-53000000,-4034000000,-5263000000,0
CVX,2015-12-31,21037000000,316000000,19456000000,29504000000,0,122000000,-23808000000,303000000,-11022000000,-7992000000,2815000000,-226000000,-1763000000,-10048000000,0
CVX,2014-12-31,16793000000,316000000,31475000000,35407000000,0,-148000000,-29893000000,-3474000000,-12785000000,-7928000000,-4999000000,-43000000,-3460000000,-3932000000,0
CVX,2013-12-31,14186000000,0,35002000000,37985000000,0,3000000,-35609000000,-2510000000,-16245000000,-7474000000,-3821000000,-266000000,-4694000000,-2983000000,0
CVX,2012-12-31,13413000000,0,38812000000,30938000000,0,-3000000,-24796000000,-2488000000,-20939000000,-6844000000,-8980000000,39000000,5075000000,7874000000,0
CVX,2011-12-31,0,0,0,0,0,0,0,0,0,0,0,0,0,0,0
CVX,2010-12-31,0,0,0,0,0,0,0,0,0,0,0,0,0,0,0
CVX,2009-12-31,12110000000,0,19373000000,-19843000000,2900000000,371000000,-16572000000,1659000000,168000000,-5302000000,-3546000000,114000000,-631000000,-470000000,-0.011
DIS,2019-09-28,4160000000,711000000,5984000000,4876000000,0,0,-4220000000,-38881000000,0,-2895000000,-464000000,-98000000,1300000000,1108000000,0
DIS,2018-09-29,3011000000,393000000,14295000000,-4465000000,-1581000000,0,-5336000000,-2583000000,-3367000000,-2515000000,-8843000000,-25000000,91000000,9830000000,-0.0967
DIS,2017-09-30,2782000000,364000000,12343000000,-3623000000,-417000000,0,-4111000000,3703000000,-9092000000,-2445000000,-8959000000,31000000,-696000000,8720000000,-0.138
DIS,2016-10-01,2527000000,393000000,13136000000,-4773000000,-850000000,0,-5758000000,2940000000,-7240000000,-2313000000,-7220000000,-123000000,35000000,8363000000,-0.1047
DIS,2015-10-03,2354000000,410000000,11385000000,-4265000000,0,0,-4245000000,2705000000,-5766000000,-3063000000,-5801000000,-302000000,1037000000,7120000000,-0.0745
DIS,2014-09-27,2288000000,408000000,9780000000,-3311000000,-402000000,395000000,-3345000000,633000000,-6123000000,-1508000000,-6710000000,-235000000,-510000000,6469000000,-0.0746
DIS,2013-09-28,2192000000,402000000,9452000000,-2796000000,-2443000000,479000000,-4676000000,379000000,-3500000000,-1324000000,-4214000000,-18000000,544000000,6656000000,-0.0899
DIS,2012-09-29,1987000000,408000000,7966000000,-3784000000,-1088000000,110000000,-4759000000,424000000,-2007000000,-1076000000,-2985000000,-20000000,202000000,4182000000,-0.1169
DIS,2011-10-01,1841000000,423000000,6994000000,-3559000000,380000000,0,-3286000000,1647000000,-3865000000,-756000000,-3233000000,-12000000,463000000,3435000000,-0.2005
DIS,2010-10-02,1713000000,391000000,6578000000,-2110000000,-2323000000,0,-4523000000,-181000000,-1536000000,-653000000,-2663000000,-87000000,-695000000,4468000000,-0.154
DIS,2009-10-03,1631000000,361000000,5319000000,-1753000000,9000000,0,-1755000000,-1852000000,-19000000,-648000000,-3111000000,-37000000,416000000,3566000000,-0.1805
FB,2019-12-31,5741000000,4836000000,36314000000,15102000000,0,-8395000000,-19864000000,0,-4202000000,0,-7299000000,4000000,19079000000,21212000000,0
FB,2018-12-31,4315000000,4152000000,29274000000,13915000000,0,-10405000000,-11603000000,0,-12879000000,0,-15572000000,-179000000,10019000000,15359000000,0
FB,2017-12-31,3025000000,3723000000,24216000000,6733000000,0,-24670000000,-20038000000,0,-1976000000,0,-5235000000,233000000,-824000000,17483000000,0
FB,2016-12-31,2342000000,3218000000,16108000000,4491000000,0,-21080000000,-11739000000,0,-8903000000,0,-310000000,-63000000,3996000000,11617000000,0
FB,2015-12-31,1945000000,2960000000,8599000000,2523000000,0,-13628000000,-9434000000,0,-4907000000,0,1582000000,-155000000,592000000,6076000000,0
FB,2014-12-31,1243000000,1786000000,5457000000,1831000000,0,-7195000000,-5913000000,0,-4315000000,0,1571000000,-123000000,992000000,3626000000,0
FB,2013-12-31,1011000000,906000000,4222000000,1362000000,0,-3870000000,-2616000000,-1500000000,-1845000000,0,-667000000,8000000,939000000,2860000000,0
FB,2012-12-31,649000000,1572000000,1612000000,1235000000,0,-6976000000,-7024000000,0,4376000000,0,6283000000,1000000,872000000,377000000,0
FB,2011-12-31,323000000,217000000,1549000000,-606000000,-24000000,-2399000000,-3023000000,-261000000,1026000000,0,1198000000,3000000,-273000000,943000000,0.1441
FB,2010-12-31,139000000,20000000,698000000,-293000000,-22000000,0,-324000000,160000000,506000000,0,781000000,-3000000,1152000000,405000000,0.1441
FB,2009-12-31,78000000,26000000,155000000,-33000000,3000000,0,-62000000,-17000000,9000000,0,243000000,0,336000000,122000000,0.1441
GOOG,2019-12-31,11781000000,10794000000,54520000000,23548000000,-2515000000,-22413000000,-29491000000,-585000000,-18396000000,0,-23209000000,-23000000,1797000000,30972000000,0
GOOG,2018-12-31,9035000000,9353000000,47971000000,25139000000,-1491000000,-11047000000,-28504000000,-6827000000,-9075000000,0,-13179000000,-302000000,5986000000,22832000000,0
GOOG,2018-12-01,9035000000,9353000000,47971000000,-26630000000,-1491000000,-1972000000,-28504000000,-6827000000,-9075000000,,-13179000000,-302000000,5986000000,21341000000,0
GOOG,2017-12-31,6915000000,7700000000,37091000000,13184000000,-287000000,-24294000000,-31401000000,-4377000000,-4846000000,0,-8298000000,405000000,-2203000000,23907000000,0
GOOG,2017-12-01,6915000000,7679000000,37091000000,-13471000000,-287000000,-19448000000,-31401000000,-4377000000,-4846000000,,-8298000000,405000000,-2203000000,23620000000,0
GOOG,2016-12-31,6144000000,6703000000,36036000000,10212000000,-986000000,-21922000000,-31165000000,-10064000000,-3693000000,0,-8332000000,-170000000,-3631000000,25824000000,0
GOOG,2016-12-01,6144000000,6703000000,36036000000,-11198000000,-986000000,-17779000000,-31165000000,-10064000000,-3693000000,,-8332000000,-170000000,-3631000000,24838000000,0
GOOG,2015-12-31,5063000000,5203000000,26024000000,9915000000,-236000000,-15415000000,-23711000000,-13728000000,-1780000000,-47000000,-3677000000,-434000000,-1798000000,16109000000,0
GOOG,2015-12-01,5063000000,5203000000,26024000000,-10151000000,-236000000,-13210000000,-23711000000,-13728000000,-1780000000,,-3677000000,-434000000,-1798000000,15873000000,0
GOOG,2014-12-01,4979000000,4279000000,22376000000,-15847000000,-4888000000,-6997000000,-21055000000,-11643000000,0,,-1439000000,-433000000,-551000000,6529000000,0
GOOGL,2019-12-31,11781000000,10794000000,54520000000,23548000000,-2515000000,-22413000000,-29491000000,-585000000,-18396000000,0,-23209000000,-23000000,1797000000,30972000000,0
GOOGL,2018-12-31,9035000000,9353000000,47971000000,25139000000,-1491000000,-11047000000,-28504000000,-6827000000,-9075000000,0,-13179000000,-302000000,5986000000,22832000000,0
GOOGL,2017-12-31,6915000000,7700000000,37091000000,13184000000,-287000000,-24294000000,-31401000000,-4377000000,-4846000000,0,-8298000000,405000000,-2203000000,23907000000,0
GOOGL,2016-12-31,6144000000,6703000000,36036000000,10212000000,-986000000,-21922000000,-31165000000,-10064000000,-3693000000,0,-8332000000,-170000000,-3631000000,25824000000,0
GOOGL,2015-12-31,5063000000,5203000000,26024000000,9915000000,-236000000,-15415000000,-23711000000,-13728000000,-1780000000,-47000000,-3677000000,-434000000,-1798000000,16109000000,0
GOOGL,2014-12-31,4979000000,4279000000,23024000000,-10959000000,-4502000000,-5594000000,-21055000000,-18000000,-2069000000,0,-2087000000,-433000000,-551000000,12065000000,0.1643
GOOGL,2013-12-31,3939000000,2862000000,18659000000,-8806000000,2525000000,-7398000000,-13679000000,-557000000,-781000000,0,-857000000,-3000000,4120000000,9853000000,0.1427
GOOGL,2012-12-31,2962000000,2504000000,16619000000,-13841000000,0,785000000,-13056000000,1328000000,-287000000,0,1229000000,3000000,4795000000,2778000000,0.1829
GOOGL,2011-12-31,1851000000,1888000000,14565000000,-5338000000,0,-13703000000,-19041000000,726000000,-5000000,0,807000000,22000000,-3647000000,9227000000,0.1874
GOOGL,2010-12-31,1396000000,1282000000,11081000000,-5085000000,0,-5595000000,-10680000000,3463000000,-507000000,0,3050000000,-19000000,3432000000,5996000000,0.1657
GOOGL,2009-12-31,1524000000,1074000000,9316000000,-810000000,-108000000,-7101000000,-8019000000,0,143000000,0,233000000,11000000,1541000000,8506000000,0.1244
HD,2020-02-02,2296000000,251000000,13723000000,2678000000,0,-6965000000,-2653000000,-1070000000,-6685000000,-5958000000,-10834000000,119000000,2133000000,11045000000,0
HD,2019-02-03,2152000000,282000000,13038000000,2442000000,-21000000,-9963000000,-2416000000,-1209000000,-9727000000,-4704000000,-12420000000,-19000000,1778000000,10596000000,0
HD,2018-01-28,2062000000,273000000,12031000000,1897000000,-374000000,-8000000000,-2228000000,-543000000,-7745000000,-4212000000,-8870000000,124000000,933000000,10134000000,0
HD,2017-01-29,1973000000,267000000,9783000000,1621000000,0,-6880000000,-1583000000,-3045000000,-6662000000,-3404000000,-7870000000,-8000000,330000000,8162000000,0
HD,2016-01-31,1863000000,244000000,9373000000,1503000000,-1666000000,-7000000000,-2982000000,-39000000,-6772000000,-3031000000,-5787000000,-111000000,604000000,7870000000,0
HD,2015-02-01,1786000000,225000000,8242000000,1442000000,-200000000,-7000000000,-1271000000,-39000000,-6748000000,-2530000000,-7071000000,-106000000,-100000000,6800000000,0
HD,2014-02-02,1757000000,228000000,7628000000,1389000000,-206000000,-8546000000,-1507000000,-1289000000,-8305000000,-2243000000,-6652000000,-34000000,-531000000,6239000000,0
HD,2013-02-03,1684000000,218000000,6975000000,1312000000,-170000000,-3984000000,-1432000000,-32000000,-3200000000,-1743000000,-5034000000,-2000000,509000000,5663000000,0
HD,2012-01-29,1682000000,215000000,6651000000,1221000000,-65000000,-3470000000,-1129000000,-1028000000,-3164000000,-1632000000,-4048000000,-32000000,1474000000,5430000000,0
HD,2011-01-30,1718000000,214000000,4585000000,1096000000,0,-2608000000,-1012000000,-2027000000,-2504000000,-1569000000,-4451000000,2000000,-878000000,3489000000,0
HD,2010-01-31,1806000000,201000000,5125000000,966000000,0,-213000000,-755000000,-1774000000,-140000000,-1525000000,-3503000000,35000000,867000000,4159000000,0
INTC,2019-12-28,10826000000,1700000000,33145000000,16213000000,-1958000000,-12140000000,-14405000000,-2627000000,-13576000000,-5576000000,-17565000000,0,1175000000,16932000000,0
INTC,2018-12-29,9085000000,1500000000,29432000000,15181000000,-190000000,-12284000000,-11239000000,-3026000000,-10730000000,-5541000000,-18607000000,0,-414000000,14251000000,0
INTC,2017-12-30,8129000000,1400000000,22110000000,11778000000,-14499000000,-1529000000,-15762000000,-8080000000,-3615000000,-5072000000,-8475000000,0,-2127000000,10332000000,0
INTC,2016-12-31,7790000000,1444000000,21808000000,9625000000,-15470000000,2104000000,-25817000000,-1500000000,-2587000000,-4925000000,-5739000000,0,-9748000000,12183000000,0
INTC,2015-12-26,8711000000,1305000000,19017000000,7446000000,-913000000,3167000000,-8183000000,474000000,-3001000000,-4556000000,1912000000,1000000,12747000000,11571000000,0
INTC,2014-12-27,8549000000,1148000000,20418000000,10197000000,-934000000,-1848000000,-9905000000,-235000000,-10792000000,-4409000000,-13611000000,-15000000,-3113000000,10221000000,0
INTC,2013-12-28,8032000000,1118000000,20776000000,10747000000,-925000000,5896000000,-18082000000,0,-2440000000,-4479000000,-5498000000,-9000000,-2804000000,10029000000,0
INTC,2012-12-29,7522000000,1102000000,18884000000,11842000000,-638000000,259000000,-14063000000,-125000000,-5110000000,-4350000000,-1408000000,-3000000,3413000000,7042000000,0
INTC,2011-12-31,6064000000,1053000000,20963000000,10764000000,-8721000000,-3311000000,-10296000000,0,-14340000000,-4127000000,-11100000000,5000000,-433000000,10199000000,0
INTC,2010-12-25,0,0,0,5207000000,0,0,0,0,0,0,0,0,0,-5207000000,0
INTC,2009-12-26,5052000000,880000000,11170000000,-4515000000,-853000000,-2686000000,-7965000000,1893000000,-1362000000,-3108000000,-2568000000,0,637000000,6655000000,0.1044
JNJ,2019-12-29,7009000000,977000000,23416000000,3498000000,-5800000000,-6746000000,-6203000000,-2823000000,-6746000000,-9917000000,-18015000000,-9000000,-802000000,19918000000,0
JNJ,2018-12-31,6929000000,978000000,22201000000,3670000000,-900000000,-11494000000,-3167000000,-1555000000,-5868000000,-9494000000,-18510000000,-241000000,283000000,18531000000,0
JNJ,2018-12-30,6929000000,962000000,22201000000,-3670000000,2304000000,21964000000,-3167000000,6754000000,-5296000000,-8943000000,-18510000000,-241000000,283000000,17777000000,-0.0666
JNJ,2017-12-31,5642000000,962000000,21056000000,3279000000,-35151000000,-12511000000,-14868000000,-1777000000,-6358000000,-8943000000,-7673000000,337000000,-1148000000,17777000000,0
JNJ,2017-01-01,3754000000,878000000,18767000000,3226000000,-4509000000,-42929000000,-4761000000,-2223000000,-8979000000,-8621000000,-8551000000,-215000000,5240000000,15541000000,0
JNJ,2016-01-03,3746000000,874000000,19279000000,3463000000,-954000000,-46118000000,-7735000000,-68000000,-5290000000,-8173000000,-10846000000,-1489000000,-791000000,15816000000,0
JNJ,2014-12-28,3895000000,792000000,18471000000,3714000000,-2129000000,-42037000000,-12305000000,-1844000000,-7124000000,-7768000000,-12260000000,-310000000,-6404000000,14757000000,0
JNJ,2013-12-29,4104000000,728000000,17414000000,3595000000,-835000000,-3538000000,-5307000000,-1593000000,-3538000000,-7286000000,-6091000000,-204000000,6016000000,13819000000,0
JNJ,2012-12-30,3666000000,662000000,15396000000,2934000000,-4486000000,-26353000000,-4510000000,-804000000,-12919000000,-6614000000,-20562000000,45000000,-9631000000,12462000000,0
JNJ,2012-01-01,3158000000,621000000,14298000000,2893000000,-2797000000,-32407000000,-4612000000,-16000000,-2525000000,-6156000000,-4452000000,-47000000,5187000000,11405000000,0
JNJ,2011-01-02,0,0,0,0,0,0,0,0,0,0,0,0,0,0,0
JNJ,2010-01-03,0,0,0,0,0,0,0,0,0,0,0,0,0,0,0
JPM,2019-12-31,8368000000,2256000000,6046000000,0,0,-1.43769E+11,-54013000000,-28561000000,-24001000000,-12343000000,32987000000,-182000000,-15162000000,6046000000,0
JPM,2018-12-31,7791000000,2322000000,14187000000,0,0,-31606000000,-2.00856E+11,-678000000,-19983000000,-10109000000,34158000000,-2863000000,-1.52511E+11,14187000000,0
JPM,2017-12-31,6179000000,2070000000,-2501000000,0,0,40707000000,-10283000000,-99619000000,-15410000000,-8993000000,14642000000,96000000,1954000000,-2501000000,0
JPM,2016-12-31,5478000000,1940000000,20196000000,0,0,65950000000,-1.14949E+11,-66488000000,0,-8476000000,98271000000,-135000000,3383000000,20196000000,0
JPM,2015-12-31,4940000000,1987000000,73466000000,0,0,76448000000,1.0698E+11,-9419000000,0,-7873000000,-1.87511E+11,-276000000,-7341000000,73466000000,0
JPM,2014-12-31,4759000000,2190000000,36593000000,0,0,90664000000,-1.65636E+11,-74517000000,0,-6990000000,1.18228E+11,-1125000000,-11940000000,36593000000,0
JPM,2013-12-31,5306000000,2219000000,1.07953E+11,0,0,89631000000,-1.50229E+11,-63281000000,0,-6056000000,28324000000,272000000,-13952000000,1.07953E+11,0
JPM,2012-12-31,5147000000,2545000000,25079000000,0,0,1.12633E+11,-1.18665E+11,-1.05788E+11,0,-5194000000,87707000000,1160000000,-5879000000,25079000000,0
JPM,2011-12-31,5105000000,2675000000,95932000000,0,0,86850000000,-1.71603E+11,-89308000000,8863000000,-3895000000,1.07706E+11,-851000000,32035000000,95932000000,0
JPM,2010-12-31,0,0,0,0,0,0,0,0,0,0,0,0,0,0,0
JPM,2009-12-31,4358000000,3355000000,122797000000,0,-97000000,30214000000,29355000000,-16530000000,5756000000,-3422000000,-153079000000,238000000,-689000000,122797000000,1.002
KO,2019-12-31,1365000000,201000000,10471000000,2054000000,0,-1103000000,-3976000000,-24850000000,-91000000,-6845000000,-9004000000,-72000000,6480000000,8417000000,0
KO,2018-12-31,1086000000,225000000,7320000000,1347000000,0,-1912000000,6348000000,-30568000000,-436000000,-6644000000,-10552000000,-262000000,8926000000,5973000000,0
KO,2017-12-31,1260000000,219000000,6995000000,1675000000,0,-3682000000,-2385000000,-28768000000,-2087000000,-6320000000,-7409000000,242000000,-2549000000,5320000000,0
KO,2016-12-31,1787000000,258000000,8796000000,2262000000,0,-3681000000,-999000000,-25615000000,-2247000000,-6043000000,-6545000000,-6000000,1246000000,6534000000,0
KO,2015-12-31,1970000000,236000000,10528000000,2553000000,0,-3564000000,-6186000000,-37738000000,-2319000000,-5741000000,-5113000000,-878000000,-1649000000,7975000000,0
KO,2014-12-31,1976000000,209000000,10615000000,2406000000,0,-4162000000,-7506000000,-36962000000,-2630000000,-5350000000,-3631000000,-934000000,-1456000000,8209000000,0
KO,2013-12-31,1977000000,227000000,10542000000,2550000000,0,-4832000000,-4825000000,-38714000000,-3504000000,-4969000000,-3745000000,-611000000,1972000000,7992000000,0
KO,2012-12-31,1982000000,259000000,10645000000,2780000000,0,-9825000000,-11404000000,-38573000000,-3070000000,-4595000000,-3347000000,-255000000,-4361000000,7865000000,0
KO,2011-12-31,1954000000,354000000,9474000000,2920000000,0,-5300000000,-2524000000,-22530000000,-2944000000,-4300000000,-2234000000,-430000000,4286000000,6554000000,0
KO,2010-12-31,1443000000,380000000,9532000000,2215000000,0,-3093000000,-4405000000,-13403000000,-1295000000,-4068000000,-3465000000,-166000000,1496000000,7317000000,0
KO,2009-12-31,1236000000,241000000,8186000000,-1889000000,-60000000,-2152000000,-4149000000,2363000000,-854000000,-3800000000,-2293000000,576000000,2320000000,6297000000,-0.02
LLY,2018-12-31,1609000000,279500000,5524500000,0,0,-1479100000,1906000000,-1009100000,-4150700000,-2311800000,-5904900000,-63600000,1462000000,5524500000,0
LLY,2017-12-31,1567300000,281300000,5615600000,0,-882100000,-2325400000,-3783600000,-630600000,-299800000,-2192100000,142600000,-20500000,1954100000,5615600000,0
LLY,2016-12-31,1496600000,255300000,4851000000,0,-45000000,-2860100000,-3139100000,-200000,-600100000,-2158500000,-559800000,-236400000,915700000,4851000000,0
LLY,2015-12-31,1427700000,217800000,2772800000,0,-5283100000,-907600000,26800000,-1955700000,-749500000,-2127300000,-2919200000,-85600000,-205200000,2772800000,0
LLY,2014-12-31,1379000000,156000000,4367100000,308300000,-551400000,406700000,-3909100000,-1034800000,-800000000,-2101200000,-75100000,-341500000,41400000,4058800000,0
LLY,2013-12-31,1445600000,144900000,5735000000,24100000,-43700000,-1698100000,-2094300000,-10500000,-1698100000,-2120700000,-3829300000,-21500000,-188600000,5710900000,0
LLY,2012-12-31,1462200000,141500000,5304800000,138800000,-199300000,-3984000000,-2832800000,-1500600000,-721100000,-2187400000,-4419600000,43900000,-1903700000,5166000000,0
LLY,2011-12-31,1373600000,147400000,7234500000,632900000,-307800000,-2320900000,-4824400000,-54600000,-5922500000,-2180100000,-2369900000,-110900000,-70700000,6601600000,0
LLY,2010-12-31,1328200000,231000000,0,0,0,0,0,0,0,2167300000,0,0,0,0,0
LLY,2009-12-31,1297800000,368500000,4335500000,-747300000,0,1074600000,142800000,-3424200000,0,-2152100000,-5533700000,21600000,-1033800000,3588200000,-0.0528
MA,2019-12-31,1663000000,250000000,8183000000,422000000,-1440000000,-6121000000,-1640000000,-500000000,-6497000000,-1345000000,-5867000000,-44000000,632000000,7761000000,0
MA,2018-12-31,1694000000,196000000,6223000000,330000000,0,-4554000000,-506000000,0,-4933000000,-1044000000,-4966000000,-6000000,745000000,5893000000,0
MA,2017-12-31,1438000000,176000000,5555000000,300000000,-1175000000,-3262000000,-1779000000,-64000000,-3762000000,-942000000,-4764000000,200000000,-788000000,5255000000,0
MA,2016-12-31,1233000000,50000000,4484000000,215000000,0,-3172000000,-1167000000,0,-3511000000,-837000000,-2293000000,-50000000,974000000,4269000000,0
MA,2015-12-31,1130000000,22000000,4043000000,177000000,-584000000,-2976000000,-715000000,0,-3518000000,-727000000,-2458000000,-260000000,610000000,3866000000,0
MA,2014-12-31,1012000000,-15000000,3407000000,175000000,-525000000,-2028000000,690000000,0,-3386000000,-515000000,-2339000000,-220000000,1538000000,3232000000,0
MA,2013-12-31,258000000,63000000,4135000000,155000000,0,-1122000000,41000000,0,-2443000000,-255000000,-2629000000,45000000,1547000000,3980000000,0
MA,2012-12-31,230000000,89000000,2948000000,96000000,-70000000,-857000000,-2839000000,0,-1748000000,-132000000,-1798000000,7000000,-1682000000,2852000000,0
MA,2011-12-31,194000000,80000000,2684000000,77000000,-460000000,-1085000000,-748000000,21000000,-1148000000,-77000000,-1215000000,-54000000,667000000,2607000000,0
MA,2010-12-31,148000000,63000000,1697000000,61000000,-498000000,110000000,-641000000,0,-3067000000,-79000000,19000000,-63000000,1012000000,1636000000,0
MA,2009-12-31,141000000,49000000,1378000000,-140000000,-3000000,-517000000,-664000000,-149000000,9000000,-79000000,-185000000,21000000,550000000,1238000000,0.0994
MCD,2019-12-31,1617900000,109600000,8122100000,540900000,0,-4976200000,-3071100000,-2061900000,-4976200000,-3581900000,-4994800000,-23700000,32500000,7581200000,0
MCD,2018-12-31,1482000000,125100000,6966700000,101700000,0,-5207700000,-2614900000,-1759600000,-5207700000,-3255900000,-5949600000,-159800000,-1597800000,6865000000,0
MCD,2017-12-31,1363400000,117500000,5551200000,77000000,0,-4685700000,826000000,-1649400000,-4685700000,-3089200000,-5310800000,264000000,1066400000,5474200000,0
MCD,2016-12-31,1516500000,131300000,6059600000,109500000,0,-11171000000,-981600000,-822900000,-11171000000,-3058200000,-11262400000,-103700000,-6288100000,5950100000,0
MCD,2015-12-31,1555700000,110000000,6539100000,140600000,0,-6099200000,-1420000000,-1054500000,-6099200000,-3230300000,735300000,-246800000,5607600000,6398500000,0
MCD,2014-12-31,1644500000,112800000,6730300000,170500000,0,-3198600000,-2304900000,-548100000,-3198600000,-3216100000,-4618300000,-527900000,-720800000,6559800000,0
MCD,2013-12-31,1585100000,89100000,7120700000,181000000,0,-1777800000,-2615100000,-695400000,-1777800000,-3114600000,-4043000000,58700000,462600000,6939700000,0
MCD,2012-12-31,1488500000,93400000,6966100000,158500000,0,-2615100000,-3167300000,-962800000,-2615100000,-2896600000,-3849800000,51400000,400000,6807600000,0
MCD,2011-12-31,1415000000,86200000,7150100000,186400000,0,-3363100000,-2570900000,-624000000,-3363100000,-2609700000,-4533000000,-97500000,-51300000,6963700000,0
MCD,2010-12-31,1276200000,83100000,6341600000,183400000,0,-2698500000,-2056000000,-1147500000,-2698500000,-2408100000,-3728700000,34100000,591000000,6158200000,0
MCD,2009-12-31,1216200000,112900000,5751000000,-1952100000,260300000,144900000,-1655300000,219300000,-2465300000,-2235500000,-4421000000,57900000,-267400000,3798900000,-0.1303
MDT,2019-04-26,2659000000,290000000,7007000000,1134000000,-1827000000,-5409000000,-774000000,-7948000000,-2877000000,-2693000000,-5431000000,-78000000,724000000,5873000000,0
MDT,2018-04-27,2631000000,344000000,4684000000,1068000000,-137000000,-5371000000,5858000000,-7370000000,-2171000000,-2494000000,-11954000000,114000000,-1298000000,3616000000,0
MDT,2017-04-28,2928000000,348000000,6880000000,1254000000,-1324000000,-7915000000,-1571000000,-863000000,-3544000000,-2376000000,-3283000000,65000000,2091000000,5626000000,0
MDT,2016-04-29,2849000000,375000000,5218000000,1046000000,-1213000000,-8236000000,2245000000,-5132000000,-2830000000,-2139000000,-9543000000,113000000,-1967000000,4172000000,0
MDT,2015-04-24,1382000000,439000000,4902000000,571000000,-14884000000,-9502000000,-17058000000,-1268000000,-1920000000,-1337000000,15949000000,-353000000,3440000000,4331000000,0
MDT,2014-04-25,850000000,145000000,4959000000,-396000000,-385000000,-2784000000,-3594000000,1431000000,-1246000000,-1116000000,-918000000,37000000,484000000,4563000000,0.0397
MDT,2013-04-26,819000000,152000000,4942000000,-457000000,-820000000,-1810000000,-3101000000,-26000000,-980000000,-1055000000,-2101000000,7000000,-253000000,4485000000,0.0102
MDT,2012-04-27,833000000,161000000,4470000000,-484000000,-170000000,-1987000000,-2662000000,601000000,-1344000000,-1021000000,-1882000000,-71000000,-145000000,3986000000,-0.0327
MDT,2011-04-29,804000000,198000000,3741000000,-501000000,-1332000000,275000000,-1734000000,18000000,-1055000000,-969000000,-2006000000,62000000,63000000,3240000000,-0.1659
MDT,2010-04-30,772000000,225000000,4131000000,-635000000,-350000000,-3687000000,-4759000000,2536000000,-865000000,-907000000,764000000,-7000000,129000000,3496000000,-0.1194
MRK,2019-12-31,3652000000,417000000,13440000000,3473000000,-294000000,-7982000000,-2629000000,0,-4780000000,-5695000000,-8861000000,17000000,1967000000,9967000000,0
MRK,2018-12-31,4519000000,348000000,10922000000,2615000000,-431000000,-17085000000,4314000000,-4287000000,-9091000000,-5172000000,-13160000000,-205000000,1871000000,8307000000,0
MRK,2017-12-31,4637000000,312000000,6447000000,1888000000,-396000000,-14753000000,2679000000,-1103000000,-4014000000,-5167000000,-10006000000,457000000,-423000000,4559000000,0
MRK,2016-12-31,5441000000,300000000,10376000000,1614000000,-780000000,-19085000000,-3210000000,-2386000000,-3434000000,-5124000000,-9044000000,-131000000,-2009000000,8762000000,0
MRK,2015-12-31,6375000000,299000000,12421000000,1283000000,-146000000,-20867000000,-4758000000,-2906000000,-4186000000,-5117000000,-5270000000,-1310000000,1083000000,11138000000,0
MRK,2014-12-31,6691000000,278000000,7860000000,2317000000,-181000000,-32647000000,-374000000,-6617000000,-7703000000,-5170000000,-15113000000,-553000000,-8180000000,5543000000,0
MRK,2013-12-31,6988000000,276000000,11654000000,1548000000,-246000000,-24507000000,-3494000000,-1775000000,-6516000000,-5157000000,-5990000000,-346000000,2170000000,10106000000,0
MRK,2012-12-31,6978000000,335000000,10022000000,1954000000,0,-15432000000,-6835000000,-22000000,-2591000000,-5116000000,-3267000000,-30000000,-80000000,8068000000,0
MRK,2011-12-31,0,0,0,0,0,0,0,0,0,0,0,0,0,0,0
MRK,2010-12-31,0,0,0,0,0,0,0,0,0,0,0,0,0,0,0
MRK,2009-12-31,2576000000,415000000,3392000000,-1461000000,-12973000000,11871000000,3156000000,1781000000,186000000,-3215000000,-1638000000,33000000,4943000000,1931000000,-0.1021
MSFT,2019-06-30,11682000000,4652000000,52185000000,13925000000,-2388000000,500000000,-15888000000,-4000000000,-18401000000,-13811000000,-36887000000,-115000000,-590000000,38260000000,0
MSFT,2018-06-30,10261000000,3940000000,43884000000,11632000000,-888000000,15639000000,-6011000000,-2736000000,-9719000000,-12699000000,-33590000000,50000000,4283000000,32252000000,0
MSFT,2017-06-30,8778000000,3266000000,39507000000,8129000000,-25944000000,16256000000,-46762000000,-2959000000,-11016000000,-11845000000,8408000000,19000000,1153000000,31378000000,0
MSFT,2016-06-30,6622000000,2668000000,33325000000,8343000000,-1393000000,6085000000,-24017000000,-9991000000,-15301000000,-11006000000,-8393000000,-67000000,915000000,24982000000,0
MSFT,2015-06-30,5957000000,2574000000,29080000000,5944000000,-3723000000,570000000,-23074000000,-5981000000,-13809000000,-9882000000,-9080000000,-73000000,-3074000000,23136000000,0
MSFT,2014-06-30,5212000000,2446000000,32231000000,5485000000,-5937000000,-2044000000,-18972000000,-4388000000,-6709000000,-8879000000,-8394000000,-139000000,4865000000,26746000000,0
MSFT,2013-06-30,3755000000,2406000000,28833000000,4257000000,-1584000000,-230000000,-23819000000,-1346000000,-4429000000,-7455000000,-8148000000,-8000000,-3134000000,24576000000,0
MSFT,2012-06-30,2967000000,2244000000,31626000000,2305000000,-10112000000,10546000000,-24890000000,0,-3116000000,-6385000000,-9408000000,-104000000,-2672000000,29321000000,0
MSFT,2011-06-30,2766000000,2166000000,26994000000,2355000000,-71000000,-40651000000,-14616000000,186000000,-9133000000,-5180000000,-8376000000,103000000,4105000000,24639000000,0
MSFT,2010-06-30,2673000000,1891000000,24073000000,1977000000,-245000000,-33984000000,-11314000000,991000000,-8958000000,-4578000000,-13291000000,-39000000,-571000000,22096000000,0
MSFT,2009-06-30,2562000000,1656000000,19037000000,-3119000000,-868000000,-10853000000,-15770000000,5746000000,-8774000000,-4468000000,-7463000000,-67000000,-4263000000,15918000000,0.1215
NEE,2018-12-31,4147000000,82000000,6593000000,0,0,0,-10950000000,-3102000000,80000000,-2101000000,7634000000,-7000000,3270000000,6593000000,0
NEE,2017-12-31,2629000000,76000000,6413000000,0,0,0,-8918000000,-6780000000,-1659000000,-1845000000,2933000000,26000000,454000000,6413000000,0
NEE,2016-12-31,3377000000,77000000,6336000000,0,0,0,-8110000000,-3310000000,-755000000,-1612000000,2495000000,0,721000000,6336000000,0
NEE,2015-12-31,3203000000,60000000,6116000000,0,0,0,-8005000000,-3972000000,727000000,-1385000000,1883000000,0,-6000000,6116000000,0
NEE,2014-12-31,2896000000,60000000,5500000000,0,0,0,-6361000000,-4750000000,633000000,-1261000000,1000000000,0,139000000,5500000000,0
NEE,2013-12-31,2521000000,67000000,5102000000,0,0,0,-6123000000,-2396000000,842000000,-1122000000,1130000000,0,109000000,5102000000,0
NEE,2012-12-31,1772000000,57000000,3992000000,0,0,-19000000,-8928000000,-1612000000,386000000,-1004000000,4888000000,0,-48000000,3992000000,0
NEE,2011-12-31,1844000000,49000000,4074000000,0,0,-375000000,-5279000000,-2121000000,-327000000,-920000000,1280000000,0,75000000,4074000000,0
NEE,2010-12-31,2092000000,57000000,3834000000,0,0,0,-5284000000,-769000000,6000000,-823000000,1514000000,0,64000000,3834000000,0
NEE,2009-12-31,1765000000,0,4463000000,-2938000000,0,-127000000,-5935000000,1739000000,198000000,-766000000,1175000000,0,-297000000,1525000000,-0.8543
NFLX,2019-12-31,9319826000,405376000,-2887322000,253035000,0,0,-387064000,0,-4945947000,0,4505662000,469000,1231745000,-3140357000,0
NFLX,2018-12-31,7656457000,320657000,-2680479000,173946000,0,0,-339120000,0,-3669981000,0,4048527000,-39682000,989246000,-2854425000,0
NFLX,2017-12-31,6330385000,182209000,-1785948000,173302000,0,22705000,34329000,0,-2734417000,0,3076990000,29848000,1355219000,-1959250000,0
NFLX,2016-12-31,4924978000,173675000,-1473984000,107653000,0,140245000,49765000,0,-1430597000,0,1091630000,-9165000,-341754000,-1581637000,0
NFLX,2015-12-31,3547045000,124725000,-749439000,91248000,0,104762000,-179192000,0,-1731350000,0,1640277000,-15924000,695722000,-840687000,0
NFLX,2014-12-31,2781798000,115239000,16483000,69726000,0,141950000,-42866000,0,-1053064000,0,541712000,-6686000,508643000,-53243000,0
NFLX,2013-12-31,2241680000,73100000,97831000,54143000,0,60925000,-255968000,-219362000,124557000,0,476264000,-3453000,314674000,43688000,0
NFLX,2012-12-31,1702083000,73948000,22765000,41457000,0,29365000,-245919000,-2319000,-464000,0,5589000,-197000,-217762000,-18692000,0
NFLX,2011-12-31,839619000,61582000,317712000,49682000,0,-161561000,-265814000,-2083000,281000,0,261656000,0,313554000,268030000,0
NFLX,2010-12-31,338350000,27996000,276401000,34342000,0,-194441000,-116081000,-1776000,-160483000,0,-100045000,0,60275000,242059000,0
NFLX,2009-12-31,257534000,-65000,325063000,-238976000,7483000,-25621000,-246079000,191737000,-289061000,0,-84641000,0,-5657000,86087000,0.0273
NKE,2019-05-31,720000000,325000000,5903000000,1119000000,0,-3436000000,-264000000,-6000000,-4286000000,-1332000000,-5293000000,-129000000,217000000,4784000000,0
NKE,2018-05-31,774000000,218000000,4955000000,1028000000,0,-2928000000,276000000,-6000000,-4254000000,-1243000000,-4835000000,45000000,441000000,3927000000,0
NKE,2017-05-31,716000000,215000000,3640000000,1105000000,0,-3105000000,-1008000000,-44000000,-3223000000,-1133000000,-1942000000,-20000000,670000000,2535000000,0
NKE,2016-05-31,662000000,236000000,3096000000,1143000000,0,-3295000000,-1034000000,-106000000,-3238000000,-1022000000,-2671000000,-105000000,-714000000,1953000000,0
NKE,2015-05-31,649000000,191000000,4680000000,963000000,0,-1599000000,-175000000,-7000000,-2534000000,-899000000,-2790000000,-83000000,1632000000,3717000000,0
NKE,2014-05-31,632000000,177000000,3003000000,880000000,0,-2956000000,-1206000000,-60000000,-2628000000,-799000000,-2914000000,1000000,-1117000000,2123000000,0
NKE,2013-05-31,513000000,174000000,3027000000,636000000,0,-2877000000,-967000000,-49000000,-1674000000,-703000000,-1040000000,100000000,1020000000,2391000000,0
NKE,2012-05-31,405000000,130000000,1899000000,597000000,0,-690000000,514000000,-203000000,-1814000000,-619000000,-2118000000,67000000,362000000,1302000000,0
NKE,2011-05-31,358000000,105000000,1812000000,432000000,0,-1859000000,-1021000000,-8000000,-1859000000,-555000000,-1972000000,57000000,-1124000000,1380000000,0
NKE,2010-05-31,395500000,159000000,3164200000,335100000,0,-741200000,-1267500000,-32200000,-741200000,-505400000,-1061200000,-47500000,788000000,2829100000,0
NKE,2009-05-31,335000000,171000000,1736000000,-423000000,0,-328000000,-798000000,170000000,-462000000,-467000000,-734000000,-47000000,157000000,1313000000,0.0921
NVDA,2019-01-27,262000000,557000000,3743000000,0,0,-5067000000,-4097000000,-16000000,-1579000000,-371000000,-2866000000,0,-3220000000,3743000000,0
NVDA,2018-01-28,202000000,391000000,3502000000,0,0,133000000,1278000000,-812000000,-909000000,-341000000,-2544000000,0,2236000000,3502000000,0
NVDA,2017-01-29,212000000,247000000,1672000000,0,0,-2904000000,-793000000,-673000000,-739000000,-261000000,291000000,0,1170000000,1672000000,0
NVDA,2016-01-31,226000000,204000000,1175000000,0,0,-3028000000,-400000000,0,-587000000,-213000000,-676000000,0,99000000,1175000000,0
NVDA,2015-01-25,248092000,157841000,905656000,0,0,-2810611000,-727048000,0,-813600000,-186452000,-833541000,0,-654933000,905656000,0
NVDA,2014-01-26,243748000,136295000,835146000,0,-17145000,-3367558000,-805937000,0,-887304000,-181336000,389592000,0,418801000,835146000,0
NVDA,2013-01-27,226235000,136662000,824172000,0,0,-661035000,-743992000,0,-100000000,-46866000,-15270000,0,64910000,824172000,0
NVDA,2012-01-29,204205000,136354000,909156000,138735000,-348884000,-654155000,-1143364000,0,-667876000,0,236723000,0,2515000,770421000,0
NVDA,2011-01-30,186989000,100353000,675797000,0,0,-549625000,-649678000,0,177276000,0,192021000,0,218140000,675797000,0
NVDA,2010-01-31,196664000,107091000,487807000,0,0,-441514000,-519333000,0,138029000,0,61059000,0,29533000,487807000,0
ORCL,2019-05-31,2919000000,1653000000,14551000000,1660000000,-363000000,-6160000000,26399000000,-4500000000,-33985000000,-2932000000,-42056000000,-158000000,-1106000000,12891000000,0
ORCL,2018-05-31,2785000000,1607000000,15386000000,1736000000,-1724000000,-11347000000,-5568000000,-9800000000,-8945000000,-3140000000,-9982000000,57000000,-164000000,13650000000,0
ORCL,2017-05-31,2451000000,1350000000,14126000000,2021000000,-11221000000,-3561000000,-21580000000,-4094000000,-1380000000,-2631000000,9086000000,-86000000,1632000000,12105000000,0
ORCL,2016-05-31,0,0,0,0,0,0,20152000000,0,-20152000000,0,0,0,20152000000,0,0
ORCL,2015-05-31,0,0,0,0,0,0,21716000000,0,-21716000000,0,0,0,21716000000,0,0
ORCL,2014-05-31,0,0,0,0,0,0,17769000000,0,-17769000000,0,0,0,17769000000,0,0
ORCL,2013-05-31,0,0,0,0,0,0,14613000000,0,-14613000000,0,0,0,14613000000,0,0
ORCL,2012-05-31,0,0,0,0,0,0,14955000000,0,-14955000000,0,0,0,14955000000,0,0
ORCL,2011-05-31,0,0,0,0,0,0,16163000000,0,-16163000000,0,0,0,16163000000,0,0
ORCL,2010-05-31,0,0,0,0,0,0,9914000000,0,-9914000000,0,0,0,9914000000,0,0
ORCL,2009-05-31,1976000000,413000000,8255000000,-529000000,-1159000000,-911000000,-2599000000,-1004000000,-3212000000,-250000000,-4422000000,-501000000,733000000,7726000000,0.024
PEP,2018-12-29,2399000000,256000000,9415000000,3282000000,0,-2000000000,4564000000,-4007000000,-2000000000,-4930000000,-13769000000,-98000000,8721000000,6133000000,0
PEP,2017-12-30,2369000000,292000000,9994000000,2969000000,0,-2000000000,-4403000000,-4406000000,-2000000000,-4472000000,-4186000000,47000000,1452000000,7025000000,0
PEP,2016-12-31,2368000000,284000000,10404000000,3040000000,0,-3000000000,-7148000000,-3105000000,-3000000000,-4227000000,-2942000000,-252000000,62000000,7364000000,0
PEP,2015-12-26,2416000000,295000000,10580000000,2758000000,0,-5000000000,-3569000000,-4095000000,-5000000000,-4040000000,-3828000000,-221000000,2962000000,7822000000,0
PEP,2014-12-27,2625000000,297000000,10506000000,2859000000,0,-5012000000,-4937000000,-2189000000,-5012000000,-3730000000,-8264000000,-546000000,-3241000000,7647000000,0
PEP,2013-12-28,2663000000,303000000,9688000000,2795000000,0,-3001000000,-2821000000,-3894000000,-3001000000,-3434000000,-3789000000,-196000000,3078000000,6893000000,0
PEP,2012-12-29,2689000000,278000000,8479000000,2714000000,0,-3219000000,-3005000000,-2449000000,-3219000000,-3305000000,-3306000000,62000000,2230000000,5765000000,0
PEP,2011-12-31,2737000000,326000000,8944000000,3339000000,0,-2489000000,-5618000000,-1596000000,-2489000000,-3157000000,-5135000000,-67000000,-1876000000,5605000000,0
PEP,2010-12-25,2327000000,299000000,8448000000,3253000000,-2833000000,-4978000000,-7668000000,-59000000,-4978000000,-2978000000,1386000000,-166000000,2000000000,5195000000,0
PEP,2009-12-26,1635000000,185000000,6796000000,-2070000000,-386000000,55000000,-2401000000,-187000000,413000000,-2732000000,-2497000000,-19000000,1879000000,4726000000,-0.0391
PFE,2019-12-31,6010000000,718000000,12588000000,2594000000,-10861000000,-9066000000,-3945000000,-6806000000,-8865000000,-8174000000,-8485000000,-32000000,125000000,9994000000,0
PFE,2018-12-31,6384000000,949000000,15827000000,2196000000,0,-13995000000,4525000000,-3566000000,-12198000000,-8060000000,-20441000000,-116000000,-205000000,13631000000,0
PFE,2017-12-31,6269000000,840000000,16470000000,2217000000,-1000000000,-8537000000,-4741000000,-6154000000,-5000000000,-7789000000,-13035000000,53000000,-1254000000,14253000000,0
PFE,2016-12-31,5757000000,691000000,15901000000,1999000000,-18368000000,-13011000000,-7811000000,-7689000000,-5000000000,-7446000000,-8921000000,-215000000,-1046000000,13902000000,0
PFE,2015-12-31,5157000000,669000000,14512000000,1496000000,-16466000000,-15702000000,-2980000000,-3003000000,-6160000000,-7141000000,-10233000000,-1000000000,298000000,13016000000,0
PFE,2014-12-31,5537000000,586000000,16883000000,1583000000,-195000000,-15718000000,-5654000000,-2104000000,-5000000000,-6690000000,-9986000000,-83000000,1160000000,15300000000,0
PFE,2013-12-31,6410000000,523000000,17765000000,1465000000,-15000000,-27310000000,-10688000000,-4146000000,-16290000000,-6509000000,-14975000000,-63000000,-7898000000,16300000000,0
PFE,2012-12-31,7611000000,481000000,17054000000,1327000000,-1050000000,-19373000000,6154000000,-1513000000,-8228000000,-6537000000,-15999000000,-2000000,7207000000,15727000000,0
PFE,2011-12-31,9026000000,419000000,20240000000,1660000000,-3282000000,-13063000000,2200000000,-6986000000,-9000000000,-6512000000,-20607000000,-29000000,1804000000,18580000000,0
PFE,2010-12-31,0,0,0,0,0,0,0,0,0,0,0,0,0,0,0
PFE,2009-12-31,4757000000,349000000,16587000000,-1205000000,-43123000000,12956000000,-31272000000,20120000000,0,-5548000000,14481000000,60000000,-144000000,15382000000,-0.1465
PG,2019-06-30,2824000000,515000000,15242000000,3347000000,-3945000000,-5003000000,-3578000000,-969000000,-5003000000,-7498000000,-9994000000,-88000000,1670000000,11895000000,0
PG,2018-06-30,2834000000,395000000,14867000000,3717000000,-109000000,-7004000000,-3492000000,-2873000000,-7004000000,-7310000000,-14375000000,19000000,-3000000000,11150000000,0
PG,2017-06-30,2820000000,351000000,12753000000,3384000000,-16000000,-5204000000,-5689000000,-4931000000,-5204000000,-7236000000,-8568000000,-29000000,-1533000000,9369000000,0
PG,2016-06-30,3078000000,335000000,15435000000,3314000000,-186000000,-4004000000,-5575000000,-2213000000,-4004000000,-7436000000,-9213000000,-381000000,266000000,12121000000,0
PG,2015-06-30,3134000000,337000000,14608000000,3736000000,-137000000,-4604000000,-2891000000,-3512000000,-4604000000,-7287000000,-13019000000,-411000000,-1713000000,10872000000,0
PG,2014-06-30,3141000000,360000000,13958000000,3848000000,-24000000,-6005000000,-4068000000,-4095000000,-6005000000,-6911000000,-7279000000,39000000,2611000000,10110000000,0
PG,2013-06-30,2982000000,346000000,14873000000,4008000000,-1145000000,-5986000000,-6291000000,-3752000000,-5986000000,-6519000000,-7071000000,4000000,1511000000,10865000000,0
PG,2012-06-30,3204000000,377000000,13284000000,3964000000,-134000000,-4024000000,-1206000000,-2549000000,-4024000000,-6139000000,-10410000000,-113000000,1668000000,9320000000,0
PG,2011-06-30,2838000000,414000000,13231000000,3306000000,-474000000,-7039000000,-3482000000,-206000000,-7039000000,-5767000000,-10023000000,163000000,-111000000,9925000000,0
PG,2010-06-30,3108000000,453000000,16072000000,3067000000,0,-6004000000,-597000000,-8546000000,-6004000000,-5458000000,-17255000000,-122000000,-1902000000,13005000000,0
PG,2009-06-30,3082000000,516000000,14919000000,-3238000000,-368000000,166000000,-2353000000,-81000000,-5689000000,-5044000000,-10814000000,-284000000,1468000000,11681000000,-0.2161
PM,2019-12-31,964000000,54000000,10090000000,852000000,0,0,-1811000000,-3998000000,-6861000000,-7161000000,-8061000000,27000000,245000000,9238000000,0
PM,2018-12-31,989000000,24000000,9478000000,1436000000,0,0,-998000000,-2484000000,-6593000000,-6885000000,-9651000000,-685000000,-1856000000,8042000000,0
PM,2017-12-31,875000000,37000000,8912000000,1548000000,0,0,-3014000000,-2551000000,0,-6520000000,-2769000000,1079000000,4208000000,7364000000,0
PM,2016-12-31,743000000,27000000,8077000000,1172000000,0,0,-968000000,-2393000000,0,-6378000000,-5413000000,-874000000,822000000,6905000000,0
PM,2015-12-31,754000000,166000000,7865000000,960000000,0,-48000000,-708000000,-1229000000,-48000000,-6250000000,-4736000000,-686000000,1735000000,6905000000,0
PM,2014-12-31,889000000,210000000,7739000000,1153000000,-110000000,-3833000000,-996000000,-1240000000,-3833000000,-6035000000,-6839000000,-376000000,-472000000,6586000000,0
PM,2013-12-31,882000000,220000000,10135000000,1200000000,0,-5963000000,-2749000000,-2738000000,-5963000000,-5720000000,-8215000000,-69000000,-829000000,8935000000,0
PM,2012-12-31,898000000,242000000,9421000000,1056000000,0,-6525000000,-992000000,-2237000000,-6524000000,-5404000000,-8100000000,104000000,433000000,8365000000,0
PM,2011-12-31,993000000,162000000,10529000000,897000000,-80000000,-5372000000,-1032000000,-1483000000,-5297000000,-4788000000,-8338000000,-312000000,847000000,9632000000,0
PM,2010-12-31,932000000,127000000,9437000000,713000000,-83000000,-5030000000,-710000000,-183000000,-4801000000,-4423000000,-8578000000,14000000,163000000,8724000000,0
PM,2009-12-31,853000000,0,7884000000,-715000000,-429000000,0,-1098000000,3132000000,-5448000000,-4327000000,-6911000000,134000000,9000000,7169000000,-0.1512Symbol
PYPL,2019-12-31,912000000,1021000000,4561000000,704000000,-70000000,-4403000000,-5733000000,-2516000000,-1262000000,0,3688000000,-6000000,7349000000,3857000000,0
PYPL,2018-12-31,776000000,853000000,5483000000,823000000,-2124000000,-4003000000,840000000,-1115000000,-3376000000,0,-1262000000,-113000000,7575000000,4660000000,0
PYPL,2017-12-31,805000000,733000000,2531000000,667000000,-323000000,-1974000000,-5358000000,-820000000,-862000000,0,4084000000,36000000,1293000000,1864000000,0
PYPL,2016-12-31,724000000,438000000,3158000000,669000000,-19000000,-3607000000,-4999000000,21000000,-886000000,0,2038000000,0,197000000,2489000000,0
PYPL,2015-12-31,608000000,346000000,2546000000,722000000,-1225000000,-4224000000,-6389000000,862000000,-1318000000,0,3079000000,-44000000,-808000000,1824000000,0
PYPL,2014-12-31,516000000,258000000,2220000000,-492000000,-364000000,-2001000000,-2881000000,-21000000,0,0,1284000000,-26000000,597000000,1728000000,0.169
PYPL,2013-12-31,453000000,177000000,1993000000,-391000000,-731000000,-599000000,-1721000000,-133000000,0,0,-85000000,3000000,190000000,1602000000,0.169
PYPL,2012-12-31,382000000,148000000,1565000000,-511000000,-22000000,-825000000,-1526000000,20000000,0,0,-210000000,-1000000,-172000000,1054000000,0.169
T,2019-12-31,37804000000,819000000,48668000000,19435000000,-1809000000,-2417000000,-16690000000,-27592000000,-2417000000,-14888000000,-25083000000,0,6895000000,29233000000,0
T,2018-12-31,32202000000,463000000,43602000000,20758000000,-43309000000,-609000000,-63145000000,-52643000000,-609000000,-13410000000,-25989000000,0,-45532000000,22844000000,0
T,2017-12-31,24387000000,480000000,39151000000,20647000000,1123000000,-463000000,-20371000000,-12339000000,-463000000,-12038000000,25930000000,0,44710000000,18504000000,0
T,2016-12-31,25847000000,653000000,39344000000,21516000000,-2959000000,-512000000,-24215000000,-10823000000,-512000000,-11797000000,-14462000000,0,667000000,17828000000,0
T,2015-12-31,22016000000,451000000,35880000000,19218000000,-30759000000,-269000000,-49144000000,-10042000000,-269000000,-10200000000,9782000000,0,-3482000000,16662000000,0
T,2014-12-31,18273000000,318000000,31338000000,21199000000,-3141000000,-1617000000,-18337000000,-10400000000,-1617000000,-9552000000,-7737000000,0,5264000000,10139000000,0
T,2014-03-31,0,0,0,0,0,0,3611000000,0,-3611000000,0,0,0,3611000000,0,0
T,2013-12-31,18395000000,458000000,34796000000,20944000000,-4113000000,-13028000000,-23124000000,-7698000000,-13028000000,-9696000000,-13201000000,0,-1529000000,13852000000,0
T,2012-12-31,18143000000,511000000,39176000000,19465000000,-828000000,0,-19680000000,-8733000000,-4868000000,-10241000000,-17673000000,0,1823000000,19711000000,0
T,2011-12-31,18377000000,0,34648000000,20110000000,-2368000000,0,-21250000000,-7574000000,-3185000000,-10172000000,-11650000000,0,1748000000,14538000000,0
T,2010-12-31,19379000000,0,35222000000,-19530000000,-1076000000,-100000000,-21449000000,-5467000000,50000000,-9916000000,-15849000000,0,-2076000000,15692000000,-0.3728
T,2009-12-31,19515000000,0,34405000000,-16554000000,-696000000,55000000,-17883000000,-4401000000,28000000,-9670000000,-14508000000,0,2014000000,17851000000,-0.4132
TMO,2019-12-31,2274000000,181000000,4973000000,926000000,-1843000000,-1500000000,-1487000000,-6360000000,-1500000000,-297000000,-3118000000,-63000000,305000000,4047000000,0
TMO,2018-12-31,2267000000,181000000,4543000000,758000000,-536000000,-500000000,-1550000000,-2052000000,-500000000,-266000000,-2237000000,-297000000,756000000,3785000000,0
TMO,2017-12-31,2033000000,159000000,4005000000,508000000,-7226000000,-750000000,-7729000000,-3299000000,940000000,-237000000,3854000000,420000000,550000000,3497000000,0
TMO,2016-12-31,1758000000,133500000,3156300000,444400000,-5188400000,-1250000000,-5532100000,-4334200000,-1250000000,-238400000,2860600000,-150700000,334100000,2711900000,0
TMO,2015-12-31,1688200000,125000000,2816900000,422900000,-694600000,-500000000,-1087400000,-3780200000,-500000000,-240600000,-2491300000,-129600000,-891400000,2394000000,0
TMO,2014-12-31,1684800000,117100000,2619600000,427600000,-13060100000,0,-11898200000,-4392800000,2942000000,-234800000,4796100000,-115500000,-4482500000,2192000000,0
TMO,2013-12-31,999900000,90900000,2010700000,282400000,-11400000,-89800000,-300300000,11000000,140600000,-216200000,3310000000,-37000000,5020400000,1728300000,0
TMO,2012-12-31,983700000,78200000,2039500000,315100000,-1083400000,-1150000000,-1287100000,-378500000,-895900000,-142200000,-917700000,38700000,-165300000,1724400000,0
TMO,2011-12-31,864900000,80200000,1691000000,266500000,-5698600000,-1337500000,-5142400000,-462600000,-1179400000,0,3550600000,-200000,99200000,1424500000,0
TMO,2010-12-31,779100000,83100000,1497800000,265500000,-606200000,-1012500000,-858900000,-1098300000,-935200000,0,-1295100000,9200000,-647000000,1232300000,0
TMO,2009-12-31,762900000,64400000,1659200000,-186600000,-632900000,1200000,-829500000,-199900000,-360200000,0,-557500000,11400000,283600000,1472600000,-0.0313
TXN,2018-12-31,954000000,232000000,7189000000,1131000000,0,-5100000000,-78000000,-500000000,-5100000000,-2555000000,-6329000000,0,782000000,6058000000,0
TXN,2017-12-31,904000000,242000000,5363000000,695000000,0,-2556000000,-1127000000,-625000000,-2556000000,-2104000000,-3734000000,0,502000000,4668000000,0
TXN,2016-12-31,955000000,252000000,4614000000,531000000,0,-2132000000,-650000000,-1000000000,-2132000000,-1646000000,-3810000000,0,154000000,4083000000,0
TXN,2015-12-31,1133000000,286000000,4268000000,551000000,0,-2741000000,-302000000,-1000000000,-2741000000,-1444000000,-4165000000,0,-199000000,3717000000,0
TXN,2014-12-31,1230000000,277000000,3892000000,385000000,0,-2831000000,-377000000,-1000000000,-2831000000,-1323000000,-3943000000,0,-428000000,3507000000,0
TXN,2013-12-31,1297000000,287000000,3384000000,412000000,0,-2868000000,-3000000,0,-2868000000,-1175000000,-3170000000,0,211000000,2972000000,0
TXN,2012-12-31,1299000000,263000000,3414000000,495000000,0,-1800000000,-1039000000,0,-1800000000,-819000000,-1951000000,0,424000000,2919000000,0
TXN,2011-12-31,1015000000,269000000,3256000000,816000000,-5425000000,0,-6172000000,0,-992000000,-644000000,2589000000,0,-327000000,2440000000,0
TXN,2010-12-31,913000000,190000000,3820000000,1199000000,-199000000,0,-1057000000,0,-1319000000,-592000000,-2626000000,0,137000000,2621000000,0
TXN,2009-12-31,925000000,186000000,2643000000,-753000000,-158000000,-188000000,-1096000000,0,-845000000,-567000000,-1411000000,0,136000000,1890000000,0.0896
UNH,2019-12-31,2720000000,697000000,18463000000,2071000000,-8343000000,-16540000000,-12699000000,-1750000000,-4463000000,-3932000000,-5625000000,-20000000,119000000,16392000000,0
UNH,2018-12-31,2428000000,638000000,15713000000,2063000000,-5997000000,-12240000000,-12385000000,-2600000000,-3662000000,-3320000000,-4365000000,-78000000,-1115000000,13650000000,0
UNH,2017-12-31,2245000000,597000000,13596000000,2023000000,-2131000000,-10442000000,-8599000000,-4398000000,-812000000,-2773000000,-3441000000,-5000000,1551000000,11573000000,0
UNH,2016-12-31,2055000000,485000000,9795000000,1705000000,-1760000000,-14546000000,-9355000000,-2596000000,-851000000,-2261000000,-1011000000,78000000,-493000000,8090000000,0
UNH,2015-12-31,1693000000,406000000,9740000000,1556000000,-16164000000,-7785000000,-18395000000,-1041000000,-798000000,-1786000000,12239000000,-156000000,3428000000,8184000000,0
UNH,2014-12-31,1478000000,364000000,8051000000,1525000000,-1923000000,-10910000000,-2534000000,-812000000,-3546000000,-1362000000,-5293000000,-5000000,219000000,6526000000,0
UNH,2013-12-31,1375000000,331000000,6991000000,1307000000,-362000000,1689000000,-3175000000,-1609000000,-2572000000,-1056000000,-4946000000,-86000000,-1130000000,5684000000,0
UNH,2012-12-31,1309000000,421000000,7155000000,1070000000,-6280000000,-8177000000,-8649000000,-986000000,-2006000000,-820000000,471000000,0,-1023000000,6085000000,0
UNH,2011-12-31,1124000000,401000000,6968000000,1067000000,-1844000000,-8638000000,-4172000000,-955000000,-2613000000,-651000000,-2490000000,0,306000000,5901000000,0
UNH,2010-12-31,1064000000,326000000,6273000000,878000000,-2323000000,-7267000000,-5339000000,-1583000000,-2245000000,-449000000,-1611000000,0,-677000000,5395000000,0
UNH,2009-12-31,991000000,334000000,5625000000,-739000000,-486000000,249000000,-976000000,-1427000000,-1519000000,-36000000,-2275000000,0,2374000000,4886000000,0.0635
V,2019-09-30,6829000000,407000000,12784000000,756000000,-699000000,-11749000000,-591000000,0,-8607000000,-2269000000,-12061000000,-277000000,-145000000,12028000000,0
V,2018-09-30,6104000000,327000000,12713000000,718000000,-196000000,-7240000000,-3084000000,-1750000000,-7192000000,-1918000000,-11240000000,-101000000,-1712000000,11995000000,0
V,2017-09-30,5121000000,235000000,9208000000,707000000,-302000000,-6933000000,735000000,0,-6891000000,-1579000000,-5924000000,236000000,4255000000,8501000000,0
V,2016-09-30,3911000000,221000000,5574000000,523000000,-9082000000,-6991000000,-10916000000,0,-6987000000,-1350000000,7477000000,-34000000,2101000000,5051000000,0
V,2015-09-30,3355000000,187000000,6584000000,414000000,-93000000,-2923000000,-1435000000,0,-2910000000,-1177000000,-3603000000,1000000,1547000000,6170000000,0
V,2014-09-30,3027000000,172000000,7205000000,553000000,-149000000,-4127000000,-941000000,0,-4118000000,-1006000000,-6478000000,-1000000,-215000000,6652000000,0
V,2013-09-30,2718000000,179000000,3022000000,471000000,0,-5334000000,-1164000000,0,-5365000000,-864000000,-1746000000,0,112000000,2551000000,0
V,2012-09-30,2488000000,147000000,5009000000,376000000,-3000000,-700000000,-2414000000,0,-710000000,-595000000,-2655000000,7000000,-53000000,4633000000,0
V,2011-09-30,2168000000,154000000,3872000000,353000000,-268000000,-1921000000,-2299000000,-44000000,-2024000000,-423000000,-3304000000,-9000000,-1740000000,3519000000,0
V,2010-09-30,1825000000,131000000,2691000000,241000000,-1805000000,-1008000000,-1904000000,-12000000,-1000000000,-368000000,-1542000000,5000000,-750000000,2450000000,0
V,2009-09-30,226000000,108000000,558000000,-306000000,0,2136000000,1830000000,-54000000,-2614000000,-318000000,-2751000000,1000000,-362000000,252000000,0.1092
VZ,2018-12-31,17403000000,700000000,34339000000,18087000000,-230000000,0,-17934000000,-14558000000,-2745000000,-9772000000,-15377000000,0,1028000000,16252000000,0
VZ,2017-12-31,16954000000,400000000,25305000000,17830000000,-5928000000,0,-19372000000,-24067000000,0,-9472000000,-6734000000,0,-801000000,7475000000,0
VZ,2016-12-31,15928000000,400000000,22715000000,17593000000,-3765000000,0,-10983000000,-19010000000,-2877000000,-9262000000,-13322000000,0,-1590000000,5122000000,0
VZ,2015-12-31,16017000000,300000000,38930000000,27717000000,-3545000000,-5134000000,-30043000000,-8996000000,-5094000000,-8538000000,-15015000000,0,-6128000000,11213000000,0
VZ,2014-12-31,16533000000,300000000,30631000000,17545000000,0,0,-15856000000,-17194000000,-10564000000,-7803000000,-57705000000,0,-42930000000,13086000000,0
VZ,2013-12-31,16606000000,400000000,38818000000,17184000000,0,-153000000,-14833000000,-8021000000,-68000000,-5936000000,26450000000,0,50435000000,21634000000,0
VZ,2012-12-31,16460000000,700000000,31486000000,20110000000,0,0,-20502000000,-4966000000,-2778000000,-5230000000,-21253000000,0,-10269000000,11376000000,0
VZ,2011-12-31,16496000000,500000000,29780000000,16244000000,0,0,-17250000000,-13733000000,-13121000000,-5555000000,-5836000000,0,6694000000,13536000000,0
VZ,2010-12-31,16405000000,500000000,33363000000,16458000000,0,0,-15054000000,-7039000000,-6668000000,-5412000000,-13650000000,0,4659000000,16905000000,0
VZ,2009-12-31,16534000000,0,31390000000,-16872000000,-5958000000,84000000,-23156000000,-8872000000,0,-5271000000,-16007000000,0,-7773000000,14518000000,-0.677
WFC,2019-12-31,7075000000,1217000000,6730000000,0,0,-25620000000,-29631000000,-60996000000,-24153000000,-8198000000,-9136000000,0,-32037000000,6730000000,0
WFC,2018-12-31,5593000000,1022000000,36073000000,0,-10000000,-36655000000,-7754000000,-40565000000,-20001000000,-7692000000,-70979000000,0,-42660000000,36073000000,0
WFC,2017-12-31,5406000000,849000000,18722000000,0,-320000000,35802000000,-5164000000,-80802000000,-8697000000,-7480000000,-10920000000,0,2638000000,18722000000,0
WFC,2016-12-31,4970000000,779000000,169000000,0,-30584000000,32989000000,-1.22119E+11,-34462000000,-6701000000,-7472000000,1.23568E+11,0,1618000000,169000000,0
WFC,2015-12-31,3288000000,844000000,14772000000,0,-3000000,25215000000,-1.07235E+11,-27333000000,-6971000000,-7400000000,92003000000,0,-460000000,14772000000,0
WFC,2014-12-31,2515000000,858000000,17529000000,0,-174000000,27843000000,-1.2838E+11,-15829000000,-7574000000,-6908000000,1.10503E+11,0,-348000000,17529000000,0
WFC,2013-12-31,3293000000,725000000,57641000000,0,0,45381000000,-1.53492E+11,-25423000000,-3132000000,-5953000000,93910000000,0,-1941000000,57641000000,0
WFC,2012-12-31,2807000000,560000000,58540000000,0,-4322000000,55794000000,-1.3989E+11,-28093000000,-1827000000,-4565000000,83770000000,0,2420000000,58540000000,0
WFC,2011-12-31,2208000000,529000000,13665000000,0,-353000000,50202000000,-35044000000,-50555000000,-1120000000,-2537000000,24775000000,0,3396000000,13665000000,0
WFC,2010-12-31,0,0,0,0,0,0,0,0,0,0,0,0,0,0,0
WFC,2009-12-31,2841000000,227000000,28613000000,0,-138000000,64608000000,71785000000,-126972000000,21756000000,-4303000000,-97081000000,0,3317000000,28613000000,-0.2712
WMT,2020-01-31,10987000000,854000000,25255000000,10705000000,-56000000,-5717000000,-9128000000,-1907000000,-5717000000,-6048000000,-14299000000,-69000000,1759000000,14550000000,0
WMT,2019-01-31,10678000000,773000000,27753000000,10344000000,-14656000000,-7410000000,-24036000000,-3784000000,-7410000000,-6102000000,-2537000000,-438000000,742000000,17409000000,0
WMT,2018-01-31,10529000000,626000000,28337000000,10051000000,-375000000,-8296000000,-9060000000,-13061000000,-8296000000,-6124000000,-19875000000,487000000,-111000000,18286000000,0
WMT,2017-01-31,10080000000,596000000,31530000000,10619000000,-2463000000,-8298000000,-13987000000,-2055000000,-8298000000,-6216000000,-18929000000,-452000000,-1838000000,20911000000,0
WMT,2016-01-31,9454000000,448000000,27389000000,11477000000,0,-4112000000,-10675000000,-4432000000,-4112000000,-6294000000,-16122000000,-1022000000,-430000000,15912000000,0
WMT,2015-01-31,9173000000,462000000,28564000000,12174000000,0,-1015000000,-11125000000,-3904000000,-1015000000,-6185000000,-15071000000,-514000000,1854000000,16390000000,0
WMT,2014-01-31,8870000000,388000000,23257000000,13115000000,-15000000,-6683000000,-12740000000,-4968000000,-6683000000,-6139000000,-11017000000,-442000000,-500000000,10142000000,0
WMT,2013-01-31,8501000000,378000000,25591000000,12898000000,-316000000,-7600000000,-12388000000,-1478000000,-7600000000,-5361000000,-11972000000,223000000,1231000000,12693000000,0
WMT,2012-01-31,8130000000,0,24255000000,13510000000,-3548000000,-6298000000,-16609000000,-4584000000,-6298000000,-5048000000,-8458000000,-33000000,-845000000,10745000000,0
WMT,2011-01-31,7641000000,0,23643000000,12699000000,-202000000,-14776000000,-12193000000,-4080000000,-14776000000,-4437000000,-12028000000,66000000,-512000000,10944000000,0
WMT,2010-01-31,7157000000,0,26249000000,12184000000,0,-7276000000,-11620000000,-6033000000,-7276000000,-4217000000,-14191000000,194000000,632000000,14065000000,0
XOM,2019-12-31,18998000000,741000000,29716000000,24361000000,0,-4499000000,-23084000000,-1000000,-594000000,-14652000000,-6618000000,33000000,47000000,5355000000,0
XOM,2018-12-31,18745000000,774000000,36014000000,19574000000,0,-2607000000,-16446000000,-4533000000,-626000000,-13798000000,-19446000000,-257000000,-135000000,16440000000,0
XOM,2017-12-31,19893000000,856000000,30066000000,15402000000,0,-6254000000,-15730000000,-7205000000,-747000000,-13001000000,-15130000000,314000000,-480000000,14664000000,0
XOM,2016-12-31,22308000000,880000000,22082000000,16163000000,0,-2394000000,-12403000000,7145000000,-977000000,-12453000000,-9293000000,-434000000,-48000000,5919000000,0
XOM,2015-12-31,18048000000,855000000,30344000000,26490000000,0,-4646000000,-23824000000,-26000000,-4039000000,-12090000000,-7037000000,-394000000,-911000000,3854000000,0
XOM,2014-12-31,17297000000,831000000,45116000000,32952000000,0,-14814000000,-26975000000,-69000000,-13183000000,-11568000000,-17888000000,-281000000,-28000000,12164000000,0
XOM,2013-12-31,17182000000,854000000,44914000000,33669000000,0,-20433000000,-34201000000,-13000000,-15998000000,-10875000000,-15476000000,-175000000,-4938000000,11245000000,0
XOM,2012-12-31,15888000000,854000000,56170000000,34271000000,0,-22040000000,-25601000000,-147000000,-21068000000,-10092000000,-33868000000,217000000,-3082000000,21899000000,0
XOM,2011-12-31,15583000000,793000000,55345000000,30975000000,0,-25721000000,-22165000000,-266000000,-22055000000,-9020000000,-28256000000,-85000000,4839000000,24370000000,0
XOM,2010-12-31,0,0,0,26871000000,0,-1099000000,-24204000000,-6224000000,-13093000000,-8948000000,-26924000000,-153000000,-2868000000,-26871000000,0
XOM,2009-12-31,11917000000,0,28438000000,-22491000000,-1207000000,555000000,-22419000000,-153000000,-18951000000,-8023000000,-27283000000,520000000,-20744000000,5947000000,0.0039